relative_path,class_name,sample_rate,num_frames,channels,duration_seconds,file_size_bytes,content_sha256,full_segments
Cargo/20171104-1/1.wav,Cargo,32000,14624000,1,457.0,58496058,76c5b82065cff21859d75cb8fc8944945985fc549471e1a7f4b99c91bda6b065,152
Cargo/20171104a-2/2.wav,Cargo,32000,14080000,1,440.0,56320058,8024e4ad25dffacb68e49586d99d4ee6057b88a6705a6b7ad7414d46cbbc7da7,146
Cargo/20171105a-3/3.wav,Cargo,32000,9504000,1,297.0,38016058,43a9daad2237cb996d1bcc24f4dcbba1f6c428efe44f029eaa57faa0c42b0dfd,99
Cargo/20171106-4/4.wav,Cargo,32000,10496000,1,328.0,41984058,b230760b6bb4a15841bc84d584f7e0ea5489c01515e267f000dc0d11197b91e1,109
Cargo/20171107-5/5.wav,Cargo,32000,6656000,1,208.0,26624058,8fdbd4db31e7845d3e95921ad7976062b6b4b84fb968a34aa6d2b33435843207,69
Cargo/20171107b-6/6.wav,Cargo,32000,15584000,1,487.0,62336058,9a3bdb462a89b7c52d5afe3599f8fe460ca990fa100b4e5d760e93c68a7ae758,162
Cargo/20171110-7/7.wav,Cargo,32000,17088000,1,534.0,68352058,a3923ad02ad20073ddb5d9dc5496d126b7b07a9857815965e8f39d3c998b542d,178
Cargo/20171111-8/8.wav,Cargo,32000,8928000,1,279.0,35712058,7261d8875bfe5cfea1e73dac36819c3db07d7fb874ea1f82defa5f7e04611983,93
Cargo/20171111e-9/9.wav,Cargo,32000,9600000,1,300.0,38400058,3ec73893bea35defcb17671426eaa7ec04cd01273c6a33174290815edeb70ac4,100
Cargo/20171111f-10/10.wav,Cargo,32000,9312000,1,291.0,37248058,5f5167ecc46cbbc5f9cde6556d4d3c8660692aaecd3818b07f85ac1090629bb7,97
Cargo/20171111g-11/11.wav,Cargo,32000,14112000,1,441.0,56448058,b6d5306088c2616ba959fe360142bf08ec1ccddc822e77d8d12042b485552698,147
Cargo/20171112-12/12.wav,Cargo,32000,8160000,1,255.0,32640058,ff6ab36041a66a43a36196acd44794525588f9ba8a81bc65c5b13ed700dcfc66,85
Cargo/20171113-13/13.wav,Cargo,32000,11104000,1,347.0,44416058,51520660bfa026974e820f1036dd77a9903f5086be61bbd61f2abaacfea6b070,115
Cargo/20171114a-14/14.wav,Cargo,32000,12256000,1,383.0,49024058,be95e14bcaccb4c43160aee80628a2488b824f1917b19824ad4da9fb880ddfd6,127
Cargo/20171114b-15/15.wav,Cargo,32000,5984000,1,187.0,23936058,a899976dfb3187e81b87825587fbad2593d8621aef871677d828215e6628cda4,62
Cargo/20171114c-16/16.wav,Cargo,32000,9408000,1,294.0,37632058,f258383c22483476dd58969d83ad4b84e9536ef7c931e7536d21995236ccae2b,98
Cargo/20171114d-17/17.wav,Cargo,32000,6976000,1,218.0,27904058,55573269986f027cdbfdc8ea101728d75e80ed7ce9f5e0ec15c4e373a7cadd3e,72
Cargo/20171115a-18/18.wav,Cargo,32000,13952000,1,436.0,55808058,766ec2c0af0234dbf872072e389e6f2a587d0843cb1b83939c18a83dbf4a19ef,145
Cargo/20171115b-19/19.wav,Cargo,32000,10912000,1,341.0,43648058,ec3638a7f18baf222d21765ab230ec5d6c48b9f10963478974cdd2c1eb3927a2,113
Cargo/20171115d-20/20.wav,Cargo,32000,12512000,1,391.0,50048058,498b4fdda6d652858c7df4e29be0aa6bdf007e91e05219f1a367dd0df8f1487c,130
Cargo/20171116-22/002044.wav,Cargo,32000,11424000,1,357.0,45696058,e5e6cc60ad20d9bbccbf82bded3db48eca846c9854edd96c6e8448b62d838c57,119
Cargo/20171117a-24/045829.wav,Cargo,32000,9600000,1,300.0,38400058,26752f259ed07264dac8486a4815316f11e7de356a431e8034e859e47d13b5e9,100
Cargo/20171117b-25/055206.wav,Cargo,32000,12096000,1,378.0,48384058,8688dc0236dafa76074ebe6dfbc29f30e0ee331c786063988749bbe12fbb62fb,126
Cargo/20171117d-26/225044.wav,Cargo,32000,7072000,1,221.0,28288058,6dfeeba17fb3b2c67da954417b193d0754bf64619a7a490435698debe9d476c9,73
Cargo/20171118-27/27.wav,Cargo,32000,6272000,1,196.0,25088058,cdf54f9b1ae2cc9e9b2e455a4d4219deabe24ab5710ea5af0e9e54467b07d532,65
Cargo/20171118a-28/074918.wav,Cargo,32000,15616000,1,488.0,62464058,13986f945671fbc87ed9511fc971db8167cc2bddafd73105e620e0ca7eda22c5,162
Cargo/20171119b-29/151043.wav,Cargo,32000,10848000,1,339.0,43392058,d0aaf3b63712da9502af3fea98aa2a39b73e05d38ab0d35060ac78b39729b8c1,113
Cargo/20171120-30/214753.wav,Cargo,32000,10368000,1,324.0,41472058,45abc3382356251a4d3cf07de6ec2ebe09b697dfdcd49147177ba7267ea83187,108
Cargo/20171121-31/031902.wav,Cargo,32000,32640000,1,1020.0,130560058,34f9ba378fb98ccb303fb28ff60cfddbaa3eb105e7faa7ee84a17739f2f4eb11,340
Cargo/20171121c-32/111158.wav,Cargo,32000,23552000,1,736.0,94208058,3835c3b81a887c797ccac9cf77fe42c685bae6859a7862f57d289b00f9a1f1a2,245
Cargo/20171121e-33/202039.wav,Cargo,32000,11104000,1,347.0,44416058,4d3454b7b4ebdf2eab4439f113c8c7bf56af1edcb244e38fe50e54c119e01973,115
Cargo/20171121f-34/210343.wav,Cargo,32000,12480000,1,390.0,49920058,a33afdb0df3b0faa43a36bee5756e4f00e97362514f87dc7166ffc31b7c4f9ff,130
Cargo/20171122a-35/060651.wav,Cargo,32000,9696000,1,303.0,38784058,590415f97179133b40c591157678d7d7b94062b24456ffc4f72139c7115b3269,101
Cargo/20171122b-36/075414.wav,Cargo,32000,8544000,1,267.0,34176058,fb8451cbf6c4be3345e19784b110d7e457c472c331bca689a4d3829619f55fa7,89
Cargo/20171122c-37/113017.wav,Cargo,32000,14880000,1,465.0,59520058,e043ca2eaf47b26ccd73c911ff989968467c7dc043f273b8f574f160fe08ace6,155
Cargo/20171122d-38/38.wav,Cargo,32000,6272000,1,196.0,25088058,8d7a6b085ec4534cfdc431a8fe193f27b13ef33b9704113b1acedcd1dd66c2d1,65
Cargo/20171123-39/004508.wav,Cargo,32000,11136000,1,348.0,44544058,6a820cb9c4dd4da58d0db935b1fe178cd46dce8784f5b8c4bfae55e5b27cb4be,116
Cargo/20171123c-40/135730.wav,Cargo,32000,17184000,1,537.0,68736058,7067c13dca835cacdf365fae98157d01389d7a9f1f0d50123b6ec58319208d62,179
Cargo/20171124a-41/41.wav,Cargo,32000,5856000,1,183.0,23424058,21110d18a533fc904edcc3dca22c5dc6f946bf3e32b4075d71dce04eba12339c,61
Cargo/20171124c-42/134001.wav,Cargo,32000,12992000,1,406.0,51968058,4a733ad83d755d15f20a795dad7e71e2c03b79c4de459e8bf8bc037efdf1ecc1,135
Cargo/20171124d-43/161634.wav,Cargo,32000,11232000,1,351.0,44928058,1d49c61ad9ffa8162ab785f800b3fb8cc6c158af13f6ff20a3be936567f6e15e,117
Cargo/20171125-44/44.wav,Cargo,32000,6400000,1,200.0,25600058,50ebadbed85f2760e85f0ed01a534d40df0fa81b2e0aa2be982406ab268344a5,66
Cargo/20171125b-45/45.wav,Cargo,32000,11616000,1,363.0,46464058,60fca2484d14c957147211fc00c3a9a1aeb0d496c5dced969779554a2ee7833d,121
Cargo/20171125c-46/134833.wav,Cargo,32000,18752000,1,586.0,75008058,9c76d7ed38053289d8fa651b593ac531e9775e0e2c43614fad36726e817ba007,195
Cargo/20171125d-47/214505.wav,Cargo,32000,6816000,1,213.0,27264058,0daef9a70b15c5252d8fc41de6662ec106f7bb6ce7da47d1d09f24ab1180ee4b,71
Cargo/20171125e-48/234924.wav,Cargo,32000,16000000,1,500.0,64000058,442d04e141138ee519b3b1400ad7873512d7053147a0e98b491df0e4ec73037d,166
Cargo/20171126-49/023314.wav,Cargo,32000,8032000,1,251.0,32128058,9e9b82bc49ed93af416b060ae1c919e9fd4e85ce0aa6c27fd01b468c8400e5b7,83
Cargo/20171126a-50/035027.wav,Cargo,32000,7232000,1,226.0,28928058,229542830bdb65e9234e593defb263f7912ab1d48df630866f42ce769d086b90,75
Cargo/20171126b-51/044753.wav,Cargo,32000,15328000,1,479.0,61312058,406d48e753bc935a7cd6f0bd37f7ffaa408d05be5c86e11d2b64c3d7773f80d1,159
Cargo/20171126c-52/063408.wav,Cargo,32000,11904000,1,372.0,47616058,bf578997cb94629367c5b0cab31932fbb34924f823ddc7d68512c0f981cf1668,124
Cargo/20171127-53/231436.wav,Cargo,32000,11328000,1,354.0,45312058,a27588c98c963b8f1182404211eadc8409e4daeae433df1dc264e1675b4b1e21,118
Cargo/20171128a-54/080742.wav,Cargo,32000,12640000,1,395.0,50560058,c6b836d0fd7032c351fb0ed4d8b8da50fb63f0389b5fe786e22e2702cf9ee14a,131
Cargo/20171129-55/000645.wav,Cargo,32000,11328000,1,354.0,45312058,625010b3d140e12039e0fd13a16c7633e712016d30671f696ee7677ac73400a0,118
Cargo/20171129c-56/075459.wav,Cargo,32000,17376000,1,543.0,69504058,b83ba003b232be05910cda029ef3400c3a004ed5867c5087484c68f6a1161b03,181
Cargo/20171130-57/165031.wav,Cargo,32000,11328000,1,354.0,45312058,3e4f2c5d25d4bccdbaf06fe6658d33f37d25fcfc1880dfc798db5267e350b692,118
Cargo/20171130c-58/231720.wav,Cargo,32000,14080000,1,440.0,56320058,a168ceefa71975e4db0ab384eb1be43affd37be70c1e9680177236bedbb603ba,146
Cargo/20171201-59/080357.wav,Cargo,32000,9824000,1,307.0,39296058,8cda63b9ba4bfe791ab911690dfe5da2c662ee99227d9a99b8ca95b7073f85a1,102
Cargo/20171201a-60/111402.wav,Cargo,32000,9376000,1,293.0,37504058,5390e8038f409bd37723e4c6bd141ca39aeb367c074413df85723af2129b18c0,97
Cargo/20171202a-61/054923.wav,Cargo,32000,11008000,1,344.0,44032058,dfbd5d206eb837421b3ed13c42d0ad5783d436b6e421dd792a6136d825d75a27,114
Cargo/20171202b-62/62.wav,Cargo,32000,6336000,1,198.0,25344058,3edadf795b0d61a935542f8280c9ab105e04be32ba261d45cb1642c16a202c61,66
Cargo/20171202c-63/123015.wav,Cargo,32000,11616000,1,363.0,46464058,4d401f547e29bdd32dc9c520579ba69915e05ae042dab25985379591f71f99d6,121
Cargo/20171202e-64/141802.wav,Cargo,32000,17888000,1,559.0,71552058,c8ca51b73a21b6d7f610a8c9698a1f94d985c04beda60722123c3bb10d942a5d,186
Cargo/20171203-65/191824.wav,Cargo,32000,11840000,1,370.0,47360058,7a18e1756ef81fd51e84cb9ed7178dc38865bfaadd2cf81315e0011bf21ac77c,123
Cargo/20171204-66/024305.wav,Cargo,32000,6784000,1,212.0,27136058,2f3a4c8329f71f4f992a3b4f7b1d75af6242bc0daab57353d0f72c7414329822,70
Cargo/20171204a-67/051220.wav,Cargo,32000,6624000,1,207.0,26496058,7983a5f54c30546baaf170f17633eaa321eba328d64d436ef3089ceadb7363b5,69
Cargo/20171204b-68/201125.wav,Cargo,32000,11392000,1,356.0,45568058,f7216e0fd80857248dcecf40829c5f4dd0272d11ea1f4095a3cb1a97a239c5cf,118
Cargo/20171205-69/69.wav,Cargo,32000,5888000,1,184.0,23552058,eb17ff793300b4e735d2016e6a688e310af6660a25c111656a072e2632dcb70f,61
Cargo/20171205a-70/030344.wav,Cargo,32000,11936000,1,373.0,47744058,3367e5d227beca9958505c3cc4261e12feef5815c73e3cc589be86fcc2900d77,124
Cargo/20171205e-71/111659.wav,Cargo,32000,8800000,1,275.0,35200058,067a6878e363b77a769964c1fffbfefc3e376cae8daeffdb60cccb970b0569fc,91
Cargo/20171205f-72/114551.wav,Cargo,32000,10016000,1,313.0,40064058,19030e7c4e646e63ef0679bc9dc71f1070ec3e5c16f856f64de730269d550c9d,104
Cargo/20171205g-73/124454.wav,Cargo,32000,14048000,1,439.0,56192058,8a1e9fe9cb17c421d1b427d7f391d55a1e08e0cbe5339611351f97fa5afaf2da,146
Cargo/20171205h-74/140834.wav,Cargo,32000,13120000,1,410.0,52480058,6f6874e24a273eb3c0ecbdbbcb461d0ce68da36b148e2ee82a91d8031061409b,136
Cargo/20171205i-75/202122.wav,Cargo,32000,7072000,1,221.0,28288058,d64325f3a54355619fe5020701963c266d9d9e9736429bc9a0dc5009652db138,73
Cargo/20171206-76/004911.wav,Cargo,32000,15936000,1,498.0,63744058,111dd4bff66969b20bb4d1140d1d0a251ea08fe57dfbe66fee01849e4a61efc8,166
Cargo/20171206a-77/014907.wav,Cargo,32000,11776000,1,368.0,47104058,747c1d056e17f36c910a575bb54af12618432e6f5fbbec62815bf08ce47aef2b,122
Cargo/20171206e-78/78.wav,Cargo,32000,6208000,1,194.0,24832058,296a41550ba23815b96410ff633e5d7ac21ae14a420a22ed8cea9cebf315a080,64
Cargo/20171207-79/010450.wav,Cargo,32000,7680000,1,240.0,30720058,935c394d689dda2c16509f69447ddaa4e50a4510dffcfe83a15572ced5808397,80
Cargo/20171207a-80/013045.wav,Cargo,32000,14816000,1,463.0,59264058,3f6e1b78dce75ff98679bf2e503c32358c07abe519464c5eb9901dceb2a2ff12,154
Cargo/20171207b-81/032120.wav,Cargo,32000,17632000,1,551.0,70528058,a929dbb49e2c71193e671acef5670c7c47c77cad93e0a162f814e2201e8c1244,183
Cargo/20171207d-82/100039.wav,Cargo,32000,7328000,1,229.0,29312058,68e1b92cb7b430e40a8234ea0afa1f88413de4f7527e767031a7fc4c07f2c9a8,76
Cargo/20171207f-83/190947.wav,Cargo,32000,8000000,1,250.0,32000058,d627fc19b56bf308ca8637c502b7cc1fa8f37e461d186b1464ad17459894b89c,83
Cargo/20171208-84/005033.wav,Cargo,32000,11712000,1,366.0,46848058,6149a0a28bf5de91b7b8f15b10388808ec116105c8cdd5779c69360f6d226771,122
Cargo/20171209-85/001029.wav,Cargo,32000,17280000,1,540.0,69120058,7f315fe2d2e17b5eceacdde3b2ef56f3b389927eac12e08a4cafa1b2edad533d,180
Cargo/20171209b-86/054935.wav,Cargo,32000,6656000,1,208.0,26624058,210c9f79e747da12ec1444c2914474718617c07612d9ec9f9ccb9812147b91b6,69
Cargo/20171209c-87/140111.wav,Cargo,32000,13152000,1,411.0,52608058,058c41ba9ff9469f6ca1600bdb03783ad60a116ae0ea72ad6d3d212db740e56d,137
Cargo/20171210-88/004442.wav,Cargo,32000,17216000,1,538.0,68864058,e5fb0a33a8953d3de88c8cdec43909ebafb6a49c1e8c4018a7e3fd86e5cc0c58,179
Cargo/20171210a-89/020139.wav,Cargo,32000,12224000,1,382.0,48896058,fb7d939ab6c2d6145321a9846fd7e396457a31082b05f45aec6fb66bbdb61089,127
Cargo/20171210c-90/124043.wav,Cargo,32000,11840000,1,370.0,47360058,32917cfb8b034b3e2e78991152e1cfc4c0ea981044f4ea35b1560654dc4dd074,123
Cargo/20171212a-91/003918.wav,Cargo,32000,8160000,1,255.0,32640058,eee9ea50359c2c92f81491c811a14478264de067e94a16531a45e18d9bef2b42,85
Cargo/20171212b-92/040423.wav,Cargo,32000,11552000,1,361.0,46208058,bd4279136dc04d42ba9b51972bfd7ffd5141dacf4507847ce28559774ff3431e,120
Cargo/20171212c-93/101404.wav,Cargo,32000,6592000,1,206.0,26368058,a8c395f7b21275628a0cede5df570f9d020491c39e946fc96f311fa00b7be6eb,68
Cargo/20171212d-94/141302.wav,Cargo,32000,13632000,1,426.0,54528058,e48bd64090aaeaed47d86dd045759eaa38475228176dda1eb54915fa01984b19,142
Cargo/20171213-95/042800.wav,Cargo,32000,8320000,1,260.0,33280058,f38a3c7d2c72f451dcd18464a9b2c43d97f11594c0b51ffdde69e50e9f8525bf,86
Cargo/20171213b-96/96.wav,Cargo,32000,6368000,1,199.0,25472058,2f445f3807e0cd53dc8a7089753d335f1f7e79d21db4b960f5c72cbeca516253,66
Cargo/20171213d-97/154210.wav,Cargo,32000,8832000,1,276.0,35328058,2157361c441e02e91f549396424cceb121ff1b848290b0fc89c8b0902bd29455,92
Cargo/20171213e-98/231302.wav,Cargo,32000,18176000,1,568.0,72704058,47a99866d0898a6bb44b67d2673a872652d13d84e57f7705fcdc335c90ce3706,189
Cargo/20171213f-99/99.wav,Cargo,32000,5952000,1,186.0,23808058,dc82b135a09aaf399a865ab5bb27013de0b7eca674aac0861839e00008ee6352,62
Cargo/20171213g-100/234857.wav,Cargo,32000,11200000,1,350.0,44800058,e3f5e00baf94c8fc082bf1641abf98cdf3ecd7e761920a5bb8caaf6f236ee05e,116
Cargo/20171214a-101/075400.wav,Cargo,32000,10208000,1,319.0,40832058,f11274b9d5e25c35724debe0ae0c049d4a22de1a1a88871d494f0d9c92daa13b,106
Cargo/20171214b-102/091542.wav,Cargo,32000,14144000,1,442.0,56576058,61873471067123866c32293da8b92827567693f1738558e12a1fb2c27ca6d5c7,147
Cargo/20171214d-103/103.wav,Cargo,32000,6368000,1,199.0,25472058,a90dd2a867674521867b7cd48a23a1d649d8fc3dceff614fa0e73094b857b4be,66
Cargo/20171214e-104/213748.wav,Cargo,32000,7968000,1,249.0,31872058,b54bd5ec6ece06ef85b367fbb1f29f78aa650d1dcb97beeaece0896934a4768a,83
Cargo/20171214f-105/215513.wav,Cargo,32000,14848000,1,464.0,59392058,e4b11d766c947248221d3475cfda7948c67b517c6599ceee217e449c9e880396,154
Cargo/20171215-106/014609.wav,Cargo,32000,10752000,1,336.0,43008058,5bce050bc2fae73f685e04e1d9fb28d8509b456370f54d2ecc5e582f35dd5a7b,112
Cargo/20171215a-107/112126.wav,Cargo,32000,7520000,1,235.0,30080058,c5764bfcb777898566bb970d446580b9b862a551f62a2d7cc187f2b89484f31c,78
Cargo/20171215b-108/114505.wav,Cargo,32000,11520000,1,360.0,46080058,2384e9e72077b5585026194434b48295b5e30f0b8cd36ef55d0c2265a0cdb58f,120
Cargo/20171215c-109/141018.wav,Cargo,32000,21344000,1,667.0,85376058,4b9ab618e7524dab6ec7b7dd5381a91caeaecd9004d03635a1a61f1923f27d30,222
Cargo/20171215d-110/110.wav,Cargo,32000,6464000,1,202.0,25856058,68953fdc86accd13d0528aa21f5ec6b31ce4c6d04388845393c51e7bf57cecef,67
Cargo/20171215e-111/214529.wav,Cargo,32000,6624000,1,207.0,26496058,1cb90c0493def2b6e0e4ced8d973d505fa24c51a44f3bd83ea19829597320700,69
Passenger/20160505-1/1.wav,Passenger,32000,1184000,1,37.0,4736058,1c6147ae257cf5d6063398a6287f4cee8d406f97fb1b0c56c5758280dd201d79,12
Passenger/20160506-2/2.wav,Passenger,32000,10688000,1,334.0,42752058,94908383f0c4527d2525d86a57c567e626199a81edc9a8b4706820510c1da7ac,111
Passenger/20160506d-3/3.wav,Passenger,32000,17792000,1,556.0,71168058,9c2e6afe7d3db3ff74421ed5b64f8f294b56304c2fef8ced33c48c7a12dcd77a,185
Passenger/20160507a-4/4.wav,Passenger,32000,6528000,1,204.0,26112058,8fc13439efbb5533ccc14f4407efdf2a42d40bc0d0cc159e03daf4c58fa0a236,68
Passenger/20160507b-5/5.wav,Passenger,32000,448000,1,14.0,1792058,7ad43fcca47b120b6c04c7e21fee7aa9d0148e904b92a41dbf6fecf4b4b3d48f,4
Passenger/20160507c-6/6.wav,Passenger,32000,960000,1,30.0,3840058,0e04500e6b3ffebbe381a99cc8d7acdcfc4080cc03439563fe8158464ea5437b,10
Passenger/20160514-7/113853.wav,Passenger,32000,11200000,1,350.0,44800058,015d213a4f32b5408456e7904f4afad7470af4f985277fbe9d598392e64625e7,116
Passenger/20160515-8/8.wav,Passenger,32000,384000,1,12.0,1536058,ddca6ab7a60826bdeda62dbe5228453c5b503ad6c6361d6ece6e58c2130d4b19,4
Passenger/20160516a-9/9.wav,Passenger,32000,352000,1,11.0,1408058,270807aec2ae1a7098e600173c459d10d75e45699d42d1468326a6763fd12c6c,3
Passenger/20160521a-10/041411.wav,Passenger,32000,11648000,1,364.0,46592058,1a991a28f4362571952750e417de29381fd4f659dc7b31fa78e26702b2a246c9,121
Passenger/20160522-11/182048.wav,Passenger,32000,15392000,1,481.0,61568058,72df5558ecba9433b03c2123cb5689a34cc8a3343c3f1861332d1586e8e67019,160
Passenger/20160528-12/12.wav,Passenger,32000,576000,1,18.0,2304058,35c8db4538403ce7e5f38a97158a271736f2255e57221e7e45f122d716b3e9d2,6
Passenger/20160529-13/083740.wav,Passenger,32000,7328000,1,229.0,29312058,5ab9c45b6a9ea139d0ce0efc0b4d311f656bef7bf28ecc401ef2b93db2611185,76
Passenger/20160601c-14/14.wav,Passenger,32000,1536000,1,48.0,6144058,27a191ac593a0b7b5fddb5fc9617eaf9de40bae5e4babf33f2a517b67afeeafb,16
Passenger/20160603-15/042208.wav,Passenger,32000,14656000,1,458.0,58624058,173a14ac6eeb340b879d616353584529c2668edd2bfa38e795bbf0f104107e70,152
Passenger/20160604-16/16.wav,Passenger,32000,352000,1,11.0,1408058,3cde3e0e17e8d3430c34b0d859c227e6c06a6ffb887c508a23c6aee8bdf83696,3
Passenger/20160606-17/17.wav,Passenger,32000,832000,1,26.0,3328058,3867d70258a88bd007a693e2e31f8ce30bed351c26a9f49564a378996bf9b740,8
Passenger/20160616a-20/165320.wav,Passenger,32000,12480000,1,390.0,49920058,913b4e5220db077f1639f4c47643307d901d24096d41aaeaecf201500f76dd47,130
Passenger/20160616b-21/200904.wav,Passenger,32000,25504000,1,797.0,102016058,8db03ec690a30d3d5c36015e1284f020d3c43180cc5fb02ea4ae3d5395c93926,265
Passenger/20160625a-22/041906.wav,Passenger,32000,12320000,1,385.0,49280058,b6300d15b5a04e56aca24bbbd68fb9e269463714e1c39e4745b91b8804dac6cb,128
Passenger/20160629a-23/23.wav,Passenger,32000,4160000,1,130.0,16640058,c4ba2930fd45f4a6a7ebce5bbf816eabfb527af536a0e9c14b42fcc051df1e6d,43
Passenger/20160629b-24/135359.wav,Passenger,32000,34528000,1,1079.0,138112058,40eb6993a1bc228d9c1004bfc1a0cc2c43bf92ea96137f68cbd44a771a5e4f95,359
Passenger/20160716-26/035748.wav,Passenger,32000,10208000,1,319.0,40832058,61f1153d79f487469e93a61f14e2f62d8429b36ab95d34283d7b11a03a0d28f9,106
Passenger/20160724a-27/27.wav,Passenger,32000,1056000,1,33.0,4224058,bc24f66da8d8d8c2c52a26c5b8ecdb5002bc22c87027c0cca4d3e8b2e8eb6e5c,11
Passenger/20160724b-28/110548.wav,Passenger,32000,8096000,1,253.0,32384058,6033134d63ef36d94269303913057d8ef5f748071714e2a7be36615f70cb4cc8,84
Passenger/20160727-29/29.wav,Passenger,32000,1152000,1,36.0,4608058,3e70ecec8f6f72ad420f7b06e945ad5981a3bad9a92c8cf5fa83172375d4a584,12
Passenger/20160806-30/30.wav,Passenger,32000,192000,1,6.0,768058,3dc5b6f27a3e015e157538dc1f497e9fa01c168392e5ce6d6680195fb7eef336,2
Passenger/20160807a-31/31.wav,Passenger,32000,512000,1,16.0,2048058,1815e841b9025e0443437516ee6093d5ebe59996ea4e145f33a839f37a1eb8a5,5
Passenger/20160813a-32/32.wav,Passenger,32000,1728000,1,54.0,6912058,65e23c5ed761e9b5418b2ebeff8ab299706c56c34c3ff106a1487afa7b761183,18
Passenger/20160820a-33/33.wav,Passenger,32000,3584000,1,112.0,14336058,319ba2b5a909dd69fe083c84e96cb2be947c45b927b61db1a26d855fc2ec369c,37
Passenger/20160821a-34/174334.wav,Passenger,32000,11072000,1,346.0,44288058,7ad181cef95248a1df1e521a3670a9217dad327b99b60d09d6fbdec9c54adbfa,115
Passenger/20160827-35/043503.wav,Passenger,32000,9056000,1,283.0,36224058,542ebf57d98d7223e425b773ee4223433a4ebcc708d63d34d5ae39bfdaaa9647,94
Passenger/20160827-36/043503.wav,Passenger,32000,9056000,1,283.0,36224058,542ebf57d98d7223e425b773ee4223433a4ebcc708d63d34d5ae39bfdaaa9647,94
Passenger/20160827-37/37.wav,Passenger,32000,5184000,1,162.0,20736058,074fd056abd3e0d1422a8c0ff3da6d4fbae3637d17fc36f2fc159c37c5f61844,54
Passenger/20160831-38/034757.wav,Passenger,32000,7616000,1,238.0,30464058,a56edc819b1ff3b04b4ad75de002116b6d873f569708488c88eeb32951fb5734,79
Passenger/20160904a-39/035818.wav,Passenger,32000,8896000,1,278.0,35584058,8f906840f84490710766b0c8f33d2e866c0c80da451a7d3f56e672506c3f2bf2,92
Passenger/20160908a-40/174717.wav,Passenger,32000,13728000,1,429.0,54912058,26ac877d167efb56b3c646fa8b58eedf3ba5a5e651e6bea41a8b4b2877d14bac,143
Passenger/20160909-41/41.wav,Passenger,32000,736000,1,23.0,2944058,46d669b18dae6fd088f810972e7fdbf6d12f338a62392288c147812796fdd84f,7
Passenger/20160910-42/035117.wav,Passenger,32000,10304000,1,322.0,41216058,c7cd3d568e2f235ba48168061d835d5e39aaaa39a482a59c02207a3cc377290b,107
Passenger/20160916a-43/124641.wav,Passenger,32000,9024000,1,282.0,36096058,b14963ac45ddbf2e2f1f94b643d0475a8026e7604d41db2eaf9af27ed48cc981,94
Passenger/20160917a-44/184735.wav,Passenger,32000,7360000,1,230.0,29440058,8f18d9c0a2588c4144cee00b9b9229bbaf62c194086abdc20f5fdb9692a0b9e2,76
Passenger/20161003b-45/175305.wav,Passenger,32000,10240000,1,320.0,40960058,c89234afa0f7f3c049c9f29133dd0b15bd0a9b7426a96f6395f4315ef0715306,106
Passenger/20161019a-46/174803.wav,Passenger,32000,10784000,1,337.0,43136058,e13b8ac722ef47da6a13089a82c61294789f40345ce415815d17b11ebb7dfb3e,112
Passenger/20161028a-47/224803.wav,Passenger,32000,10240000,1,320.0,40960058,092665c48fe4e44c7556d7578faaaf287fbb71ac749a31cfe1e50e7e937d8e99,106
Passenger/20161102-48/124450.wav,Passenger,32000,11232000,1,351.0,44928058,675a304b7cf2b56af3e906a578457e0081093ebee62d8905178b2e6034f665e7,117
Passenger/20161208-49/163603.wav,Passenger,32000,18560000,1,580.0,74240058,96f9ae5941e2da67c19646b59d6ea08ceeaf46ae785ab73f3bf3901bb0683661,193
Passenger/20161214-50/50.wav,Passenger,32000,5216000,1,163.0,20864058,87a00621488f9ea056aa47c856a06af007c988eaa8ddb025cf33f0a799515d3a,54
Passenger/20170111-51/193600.wav,Passenger,32000,9600000,1,300.0,38400058,b9957fc81ad6e8aa3eff77307f2245a9faa2f32a31ce9dd2489c3b70988248fe,100
Passenger/20170111-52/193600.wav,Passenger,32000,9600000,1,300.0,38400058,b9957fc81ad6e8aa3eff77307f2245a9faa2f32a31ce9dd2489c3b70988248fe,100
Passenger/20170114-53/053615.wav,Passenger,32000,1696000,1,53.0,6784058,2da5b82e647d4c19232436a4857de7358a34b9b676c516d72719d478e98f42f9,17
Passenger/20170202-54/183738.wav,Passenger,32000,41600000,1,1300.0,166400058,67cc1b4666e3eaea33760ab64719def4a62428458e3fd9e074d56b18a257856a,433
Passenger/20170215-55/152700.wav,Passenger,32000,15232000,1,476.0,60928058,6e58d04e341809fc4a4fa425b27611b3c82014a788b5697a93b8efa641ca32d4,158
Passenger/20170218-56/050212.wav,Passenger,32000,6976000,1,218.0,27904058,09b054f6b1416b9bd78378af5432cdb22bb0e04bbd7f78b4269a815a74d4d74f,72
Passenger/20170219-57/153805.wav,Passenger,32000,17056000,1,533.0,68224058,69393276122d65bf0229bbc45d6707c051cdbeb322d96994bce3f0a2b98df789,177
Passenger/20170219-58/153805.wav,Passenger,32000,17056000,1,533.0,68224058,69393276122d65bf0229bbc45d6707c051cdbeb322d96994bce3f0a2b98df789,177
Passenger/20170312-59/153853.wav,Passenger,32000,3328000,1,104.0,13312058,70d0440a68f80c1a95f00395386198b965db4072892fa4537d07b6320880ef16,34
Passenger/20170322-60/061551.wav,Passenger,32000,768000,1,24.0,3072058,f547f2c0aa0d734fb8312342d671340f375a7669f6ab8aa0d5b1ab88a7ed5566,8
Passenger/20170330-61/175151.wav,Passenger,32000,4576000,1,143.0,18304058,41148da358b24edf4bdeae4086a3af115f03e69419311cafde7c9349c60a6f51,47
Passenger/20170331-62/044959.wav,Passenger,32000,5632000,1,176.0,22528058,2dcb3bd0a7d833628a56fd2504d5ca8d168a56809d4e6a8ca61ffdcdf201cddb,58
Passenger/20170401-63/000636.wav,Passenger,32000,608000,1,19.0,2432058,61f8b90b64b2b1f2912473dbc0757e989b1ee80b2c86a66e29daf7c23c0e3d23,6
Passenger/20170401-64/000636.wav,Passenger,32000,608000,1,19.0,2432058,61f8b90b64b2b1f2912473dbc0757e989b1ee80b2c86a66e29daf7c23c0e3d23,6
Passenger/20170408-65/040520.wav,Passenger,32000,9536000,1,298.0,38144058,27feb4f7d9580713d4474c8989c72c5293ed8ff60b99a46a4fddc4ccfabb70a4,99
Passenger/20170408a-66/224944.wav,Passenger,32000,1600000,1,50.0,6400058,a2881b6786d6b9aaaa628c46c6240447e146c874e3f16cbb2a0bbcb682969fbd,16
Passenger/20170417-67/025741.wav,Passenger,32000,8480000,1,265.0,33920058,e5990fdc629f1eedac788bbe739abc0e42662c5bc5343c3d557428b18cc24fbd,88
Passenger/20170429a-68/102113.wav,Passenger,32000,3488000,1,109.0,13952058,46dd863014cbf053cc9c4557f0734c6cc652335b795a1d202f60bbf9f9125405,36
Passenger/20170430-69/011712.wav,Passenger,32000,2144000,1,67.0,8576058,037f264f14c8a669b270196770f910cac5093447a1a67f510d3bd2a687c24b66,22
Passenger/20170503c-70/201813.wav,Passenger,32000,384000,1,12.0,1536058,362963307ad2c4aaf4407d7488f867478f365f331fa8bdead4bc0fde15965aaf,4
Passenger/20170506a-71/114552.wav,Passenger,32000,11200000,1,350.0,44800058,d10189d583d0ccbcde7a804e0062cbe860259beba05ca5c0be763a20694dc5fd,116
Passenger/20170508-72/035234.wav,Passenger,32000,7552000,1,236.0,30208058,7ebccb1ea4826e0740179700fcfc11378420f656aaefe0488232c7bbd3c09431,78
Passenger/20170508a-73/152055.wav,Passenger,32000,224000,1,7.0,896058,56da3283864fa81eefab1c14832ad9fcae8dba8e4845578fc43e2f5c52cb50aa,2
Passenger/20170509-74/174012.wav,Passenger,32000,11648000,1,364.0,46592058,2b9d73019ae1668606dd4b2af97ffcf4a9af8a3d9ccae9ea9064686e1baf9bb8,121
Passenger/20170510-75/113409.wav,Passenger,32000,11200000,1,350.0,44800058,e636b6a67a163523bc2bbf36d7312184f778d48e5d0c4607d30c6adb474689c3,116
Passenger/20170511a-76/195844.wav,Passenger,32000,18208000,1,569.0,72832058,eae4d12041aa300e5f6744bd6cf9e1025fb3ac23ffbf44296a40e67d3d84cfb1,189
Passenger/20170512a-77/113827.wav,Passenger,32000,6240000,1,195.0,24960058,25f31e3396a18f664c8eff9eeabf08775418264ab32f37d699fba4d2685f9fae,65
Passenger/20170513a-79/201854.wav,Passenger,32000,768000,1,24.0,3072058,cfbde5a9f48389a8f2b710584d37c161ae64c0a422832c351ed186e627ce8ff9,8
Passenger/20170514-80/060420.wav,Passenger,32000,1280000,1,40.0,5120058,08f5bcf2ed1adc0b46b45d2d318cc73b39a819c4a9d0f309fa62dc6dedc79055,13
Passenger/20170517a-82/162940.wav,Passenger,32000,928000,1,29.0,3712058,b01a32dd9207a11522924d56c68f3dbc10f242d98fb686b58df2ede3915e80b5,9
Passenger/20170517b-83/225337.wav,Passenger,32000,3936000,1,123.0,15744058,177d189c4247c6cda335e0a554a790bb39da2683c8c30e221a04f00786040558,41
Passenger/20170520a-84/174851.wav,Passenger,32000,3776000,1,118.0,15104058,42b0a0ab879224f0f916bf4206af9584723da849d7151e7678e00b7caf04a4e9,39
Passenger/20170522-85/110529.wav,Passenger,32000,11904000,1,372.0,47616058,786f563a95b361547dc8daa9bdccdb4a97ef92565e78ce2b60234a6b6999e390,124
Passenger/20170527-86/013032.wav,Passenger,32000,1696000,1,53.0,6784058,348e45633300732b4c9b30d47e1b8fc209eb70308bacdc3b8f5624e31f20ddfe,17
Passenger/20170530a-87/165315.wav,Passenger,32000,11808000,1,369.0,47232058,6717586350f396f42781753b69f473aa4a46586dde47d2d998a9ab11b8b8a41b,123
Passenger/20170601-88/112643.wav,Passenger,32000,9088000,1,284.0,36352058,5f974bbf375159e93f39ed7fe5b1f6c6f2b6c39dfe731e577ab64815c5238546,94
Passenger/20170603-89/012058.wav,Passenger,32000,1600000,1,50.0,6400058,3290f259ae5623d08b51fbd099812bd73a3e5f9b7aa5e5131dacf1cf036eb6e3,16
Passenger/20170605-90/174603.wav,Passenger,32000,9600000,1,300.0,28800044,3558729ac7ee762fbf0c9c03873fa1e7a2011034f249ee907b6e77748a347b70,100
Passenger/20170605a-91/191933.wav,Passenger,32000,832000,1,26.0,3328058,09e9910ba70c54d8d8f01db9c5ac7d75246970b899bb6171774c2f55624a7efc,8
Passenger/20170613-92/162550.wav,Passenger,32000,8544000,1,267.0,34176058,ae7a39839d5ec88f23c9669de12b875c166dfc505caaf117a717cc212cd61ece,89
Passenger/20170615-93/124844.wav,Passenger,32000,3904000,1,122.0,15616058,4a372c06cdb493dd2667e78ace1107ad353e56fc24fd6afb4ce99cf0cc6d09bd,40
Passenger/20170616-94/174832.wav,Passenger,32000,14816000,1,463.0,59264058,95927baa175c8f42a8b0ff807ce0e73ea174d0936c475a858f2581c80b9106c6,154
Passenger/20170616a-95/231343.wav,Passenger,32000,4800000,1,150.0,19200058,63c6b08dabbccd9a0139982353541cd145ac84ff3d6607d2da5cf5732013c832,50
Passenger/20170617a-96/073155.wav,Passenger,32000,60384000,1,1887.0,241536058,2c142452dda62fa738bc9e46aad10eaaa9200b9f22ddb474a5cbb6739a4ec0f4,629
Passenger/20170625-97/000157.wav,Passenger,32000,1184000,1,37.0,4736058,a4fbf2a83f2f6c87d6badc85e0af8b57a5182ea737413f9328e7f6a45b97290e,12
Passenger/20170627a-98/152638.wav,Passenger,32000,5696000,1,178.0,22784058,74b960489289d1a935afcd896cc9096e0843a24a95b9e38146d998043487ec6e,59
Passenger/20170629-99/012112.wav,Passenger,32000,8768000,1,274.0,35072058,c0142affd1e3511206dacffc6b0d41eaa415328d0492af6d6bd520d95126a7e0,91
Passenger/20170701-100/013614.wav,Passenger,32000,1792000,1,56.0,7168058,5e94392dd8d2efcfea1af6056ea2e898d005adc6a820287d4b74b742b53c1393,18
Passenger/20170709-101/095127.wav,Passenger,32000,23040000,1,720.0,92160058,8c03cf8357eb1ff0386e764f2658d4352ac052ca34f39b2f9b7106709a275980,240
Passenger/20170715-102/041047.wav,Passenger,32000,8960000,1,280.0,35840058,30cee14d9a402a5f8b7efc3005e4729efad4c937e4cf47061863bab731b55d46,93
Passenger/20170716-103/111744.wav,Passenger,32000,23008000,1,719.0,92032058,c23f1d623c9d706c6d96ee7272accae3882695149aec3566043b8ef14b8e8866,239
Passenger/20170720a-104/110917.wav,Passenger,32000,544000,1,17.0,2176058,96848aa5ef71d1086399f8ea545e1aed80ffee4ea050f750c63d12f9ef8546c3,5
Passenger/20170723-105/095606.wav,Passenger,32000,9600000,1,300.0,28800044,f562bad6538011605fca267e892a23976ff7891398575921c646d4b1e9779133,100
Passenger/20170725-106/143547.wav,Passenger,32000,1248000,1,39.0,4992058,e56c017b16dec19cf44f4ba95964800bb561a8e55036f3fb2d942f254b2e47c4,13
Passenger/20170729a-107/151035.wav,Passenger,32000,20864000,1,652.0,83456058,6050b9b97b930fd4a45574dc644ad1246790c8e0791290f75fb7b67904541edb,217
Passenger/20170802-108/230730.wav,Passenger,32000,7968000,1,249.0,31872058,c4908939b595794eddcf7efac8c069b9d10465cc8bc6eeb2c93f3d4b204c66fa,83
Passenger/20170803-109/231129.wav,Passenger,32000,3776000,1,118.0,15104058,702bc0134471f71a02ee94829491058487780b080e0c169b8cb7b038dd45097e,39
Passenger/20170808-110/113313.wav,Passenger,32000,2240000,1,70.0,8960058,ca08285960dcb2765a967c4bedbce1357c91d982883e82b9af70d43b3513c5be,23
Passenger/20170826a-111/043132.wav,Passenger,32000,2368000,1,74.0,9472058,2996963ef9f93e1a1ea6f381b9e8d897b6a64f54cfaf070cdbdebe8caed2c6d1,24
Passenger/20170827-112/033909.wav,Passenger,32000,11840000,1,370.0,47360058,897b01b68dfe5e369400ad36557991c808c85fcfe725029db31d8a7b6cb84fba,123
Passenger/20170905-113/224957.wav,Passenger,32000,4480000,1,140.0,17920058,e9780c15ee40c68689cab564ebbe73b1be3b01ed5d0d3cd703c921f3e00d98bf,46
Passenger/20170906-114/104632.wav,Passenger,32000,16800000,1,525.0,67200058,94bde64a5665730daaa14102751433f7ff631de0cf48eee6917b4f1e2cc57419,175
Passenger/20170906-115/104632.wav,Passenger,32000,16800000,1,525.0,67200058,94bde64a5665730daaa14102751433f7ff631de0cf48eee6917b4f1e2cc57419,175
Passenger/20170912a-116/184302.wav,Passenger,32000,12832000,1,401.0,51328058,de1f880a56a585cc9ed41d6b1ecbbdf57350a6babad75c984a9d52b0e5704959,133
Passenger/20170912a-117/184302.wav,Passenger,32000,12832000,1,401.0,51328058,de1f880a56a585cc9ed41d6b1ecbbdf57350a6babad75c984a9d52b0e5704959,133
Passenger/20170912b-118/201835.wav,Passenger,32000,5504000,1,172.0,22016058,25142ed45f9f45a67413e0bd3e6033e470fd70ac70df8020c69770a4a01e5fba,57
Passenger/20170915-119/210154.wav,Passenger,32000,768000,1,24.0,3072058,7399508f6fa07ffe7b3a648db54fdb4b17b74a180b2416a44e5ace7f4416d671,8
Passenger/20170925-120/101039.wav,Passenger,32000,4992000,1,156.0,19968058,cafb1bd008b00ab95e98f6b1726ac02f8ea3547fc1cbcd45cfe78d2718656b39,52
Passenger/20171001-121/105017.wav,Passenger,32000,992000,1,31.0,3968058,bc6a527cb34d381bebfc246f6393dc5ebaa37ea6c96a9d5b750eed98bded06c1,10
Passenger/20171007-122/015806.wav,Passenger,32000,9600000,1,300.0,28800044,df77fd00bfadba2fba5c3002d18c17ef7f2e6bd8e23e58a93484393d75ff7a3d,100
Passenger/20171012-123/165340.wav,Passenger,32000,13280000,1,415.0,53120058,c8501d0a1f74106bde0f6e3d0cd286ecaefd06f2e731f2fc49635498e06ee4c3,138
Passenger/20171017-124/095628.wav,Passenger,32000,11520000,1,360.0,46080058,f25870e3539e1a73b46ad648a5e1185828dce586676bded8230cab53a280ce98,120
Passenger/20171020a-125/201024.wav,Passenger,32000,17408000,1,544.0,69632058,59f6175b677f185466420b656fa57c92b37fb6f53355ca8689b92ee4b3793461,181
Passenger/20171105-126/235036.wav,Passenger,32000,256000,1,8.0,1024058,157207b30f2c18d8232e0919db6b81b627f47b0e958b1cc46a453e2eca90c526,2
Passenger/20171106-127/044551.wav,Passenger,32000,5536000,1,173.0,22144058,be9eadc03a2b07e36ef70f3765d2a2c76eb8acd6cae47347d8ef93776d5816a4,57
Passenger/20171106a-128/184906.wav,Passenger,32000,608000,1,19.0,2432058,3c2b8380e78472080ef1d740ed23d661cfe6c48cba2e575960738c466b5274d1,6
Passenger/20171110-129/224141.wav,Passenger,32000,9600000,1,300.0,38400058,46cf2fadb30128846eba415104b79d054cd95ed7429b117569bcb47ff7b27830,100
Passenger/20171116-130/161921.wav,Passenger,32000,7360000,1,230.0,29440058,a39a41b3e804d18fe521e7540be9ea9c7a3aa1e8724da616a5620b88c60493d4,76
Passenger/20171120-131/163321.wav,Passenger,32000,5056000,1,158.0,20224058,a3d4c836727e39e2dab22f77635d609de3280ea0b9f7f3f64b7a3c0cf36ca29c,52
Passenger/20171122-132/071915.wav,Passenger,32000,448000,1,14.0,1792058,6d95879514745466ae49747407059fb298f58f06f1e11423ab5b2d94750c7502,4
Passenger/20171207-133/162949.wav,Passenger,32000,6464000,1,202.0,25856058,e77e4f5b0feb7d1f621e97f4bf1a3c2549c301a06d5470e08608aa7cf4fefb2b,67
Passenger/20171208d-134/023937.wav,Passenger,32000,704000,1,22.0,2816058,0a3f2332360ffd8f075175a0e590ad5af2bff3e695a0ee5a0f1566a7a1c2b550,7
Passenger/20171210-135/021603.wav,Passenger,32000,10848000,1,339.0,43392058,7f0d2bb5fbed44aafdb7149359e65324eb1159b32d8a11653d5befbeb19de948,113
Passenger/20171229-136/201102.wav,Passenger,32000,9600000,1,300.0,28800044,9c2e9f44027465cc960a650fdca2b5ac83ce068b61bc174a3dbfeeab3afe3690,100
Passenger/20180120-139/191134.wav,Passenger,32000,6944000,1,217.0,27776058,0c1aa550a29d0fa1609ba1e2e804c7fce23961ae7419aa8f68ced3e4cf117e50,72
Passenger/20180125-140/071504.wav,Passenger,32000,9088000,1,284.0,36352058,61c2d886f7237121f0576dc83f839bd51f25765b09b03273aaef3b05789c9a51,94
Passenger/20180202-141/134746.wav,Passenger,32000,8768000,1,274.0,35072058,3bd0e8387de451f52e92f99ab455a24f89d22bc5c320e551467aa67132826043,91
Passenger/20180205-142/230715.wav,Passenger,32000,10560000,1,330.0,42240058,4d3d9440b58049360197f3d03a1865fa067439e60f0c4dd93c6e320774736592,110
Passenger/20180213-143/234934.wav,Passenger,32000,3840000,1,120.0,15360058,71e38903223b95be77757adbf0f08ce13a6b0c99f9a398088adaf25d42ac17ca,40
Passenger/20180215-144/185044.wav,Passenger,32000,992000,1,31.0,3968058,7235a8dfa0a06f846636a0ad15e07f1c98b09e3ea74936b7451f3defb94bd228,10
Passenger/20180219-145/034422.wav,Passenger,32000,6272000,1,196.0,25088058,1d5ad82ed5cdc84c85b3635b838f4b46d62061ab07cb4af41b497f0e09167fd1,65
Passenger/20180307-146/075607.wav,Passenger,32000,7520000,1,235.0,30080058,b7f5deb6a756beeed05826dd428637bba8e7bdafb1a564071c5696e996c18b58,78
Passenger/20180313a-147/181647.wav,Passenger,32000,4512000,1,141.0,18048058,35f805986486a4d05f03082c41faa5400a0555f1f59cb3051772e49f113a8542,47
Passenger/20180320-148/103759.wav,Passenger,32000,2016000,1,63.0,8064058,fe03fd4a6333e63acb8d43b1f2894d5d6f7b2eb025ce2ae0bb6263ef576889ee,21
Passenger/20180326-149/180641.wav,Passenger,32000,12544000,1,392.0,50176058,989a26fc48e46116e4987bb4563f9a792baff0ec02e3005db5d9c5d4be8a9f0a,130
Passenger/20180329-150/181312.wav,Passenger,32000,2304000,1,72.0,9216058,7af13ba410594ffcb89f1de8570f499d5477a4e0621ed0dc513e44edec8a9613,24
Passenger/20180330-151/032743.wav,Passenger,32000,32640000,1,1020.0,130560058,fa5ae21217019d46fc0f4efbc4b8957dc6f0a6e0ca28acacc73dd1bbd6b58e06,340
Passenger/20180406-152/135944.wav,Passenger,32000,3808000,1,119.0,15232058,43c0060a6b1161e52f7334a8b2f412d5c2e3599279f3cad39c15c7da27bf47a8,39
Passenger/20180406a-153/151655.wav,Passenger,32000,10560000,1,330.0,42240058,36bf8181aa76b3d988213be967896681869111defcde2c534a55bff869bc8717,110
Passenger/20180412-154/110230.wav,Passenger,32000,2720000,1,85.0,10880058,b932e79a0e958976f007cd8993df3a9c0e29749659570e4f7e8f60caeec23b3f,28
Passenger/20180420-155/033310.wav,Passenger,32000,11776000,1,368.0,47104058,b16e9bbef284e9b8a14f6d23de1381137d79618a78f3fca93b0731b3ea9e6165,122
Passenger/20180426-156/114757.wav,Passenger,32000,1248000,1,39.0,4992058,535add67a290d313828cf0181ebb6ed97f97c2d1c205d1bf3da6da7fe7b2344c,13
Passenger/20180501-157/112008.wav,Passenger,32000,11520000,1,360.0,46080058,8ad85b2d64bbcf575139aa1694a0394cada10a5ddab0bdca1f268257e8e190ce,120
Passenger/20180502-158/030648.wav,Passenger,32000,640000,1,20.0,2560058,441e0d436323a67dd8fe23751b3cda507fd261fae66a6b8df738f4db6a5d91cd,6
Passenger/20180503-159/153434.wav,Passenger,32000,11648000,1,364.0,46592058,5df8f25c86e6ba42b8c2ac6cb245dd74d5cf37d7970395737aa4e9431757ac27,121
Passenger/20180505-160/063136.wav,Passenger,32000,4864000,1,152.0,19456058,e272fe32dafd754830b380e04c48ba0f2c2a6ab467574b5d2f7f85853d003501,50
Passenger/20180505a-161/101511.wav,Passenger,32000,10848000,1,339.0,43392058,1845152deb505697262de066a234a54510bb4c097f89e17de9ca6d79f9413e99,113
Passenger/20180506-162/054035.wav,Passenger,32000,2976000,1,93.0,11904058,bddc7e89bf65304ad65095f5ffa3439647aaa85ee972b819e57388b0a0d0e3ad,31
Passenger/20180506a-163/105313.wav,Passenger,32000,15680000,1,490.0,62720058,ae052fb3adacea12eec939055aff92f678aadf467372d4af54db035f45a9e0de,163
Passenger/20180506b-164/113050.wav,Passenger,32000,11712000,1,366.0,46848058,49cf082b6da9c19622720af2aff06774ca1272b3a8f60f16c9bd67ff391c19b2,122
Passenger/20180511-165/101015.wav,Passenger,32000,256000,1,8.0,1024058,6020a8389f2c92763c3d1e24862964fdf0deecfc694ab4f7bc3200984a3f77af,2
Passenger/20180513-166/084039.wav,Passenger,32000,11808000,1,369.0,47232058,9c6ffe2234a97a420b11eb922de229944f7bf5cd739dfaf5f61e36ed61ec941d,123
Passenger/20180514-167/181453.wav,Passenger,32000,192000,1,6.0,768058,209449f706bfa173282b1ec1163304f17ca4baa6e49ce0b6fb503c576f783c20,2
Passenger/20180518-168/031804.wav,Passenger,32000,3456000,1,108.0,13824058,28ebc79016abc53b16529df07d46557aea6e523ef121572ff0464a724923202b,36
Passenger/20180519-169/012744.wav,Passenger,32000,1472000,1,46.0,5888058,c1699eb0d236c3dbccfd63fe15bda8b1845a2e4a67490859da7626d44eaee63e,15
Passenger/20180520-170/120550.wav,Passenger,32000,10880000,1,340.0,43520058,9c35710805708463398bbaf6d0931df35343770a37d89b27ba7a217542c90349,113
Passenger/20180522-171/064727.wav,Passenger,32000,24960000,1,780.0,99840058,042d5425ff72b51e45767b9ab6fee4b29f205a4343f117fb10318bae21191eba,260
Passenger/20180524-172/225612.wav,Passenger,32000,7552000,1,236.0,30208058,4cff680c64de85be70201964fe83f0ec3b87874e848f353bd86e5b7d35f5795c,78
Passenger/20180617-173/201949.wav,Passenger,32000,5632000,1,176.0,22528058,12c81af9ffb819e1bc7bb253fbe7e8f4b7b0f73e1a7c0b92ad618cd1f13f4bf5,58
Passenger/20180619-174/062048.wav,Passenger,32000,800000,1,25.0,3200058,c8002d2d5d5c0922ee2a749a8c2753a1e31f4a066ce0b4ccc22beea1480c45ce,8
Passenger/20180630-175/094326.wav,Passenger,32000,11168000,1,349.0,44672058,b213539c18f8c5d1b785fb97132e939f70dffc6a068ff635a613c99ac8ac3262,116
Passenger/20180630a-176/200100.wav,Passenger,32000,13664000,1,427.0,54656058,72d066a9e408f15bb69393569e00157233261b7b0c152ff7ea0079ee90433dff,142
Passenger/20180703-177/221012.wav,Passenger,32000,6656000,1,208.0,26624058,a074c0df3e6192667be126f4e694cf2c02f703d45f810c117e002217962f2015,69
Passenger/20180711-178/094820.wav,Passenger,32000,11168000,1,349.0,44672058,85f4a29c4c06269bb4dbe8b9d668cce7e111556c0163a99e0c66c77cd547f9cb,116
Passenger/20180722-179/181231.wav,Passenger,32000,20032000,1,626.0,80128058,f1304ee487619affca25ea519364a567e7a03f940cb04344b849f4a564adfbf7,208
Passenger/20180821-18/153439.wav,Passenger,32000,7072000,1,221.0,28288058,506a93ae19d797b210bc0239d7c20407b6aed54b8708d1ae241ebbc4f81d265c,73
Passenger/20180827-180/182309.wav,Passenger,32000,3392000,1,106.0,13568058,7b0fc8bfacd0807f1c925be2df3eab38630898e5a767663dc1633b90527e2bd1,35
Passenger/20180828a-181/125034.wav,Passenger,32000,2336000,1,73.0,9344058,06a674c1547badac36d7bf1fbf97d07ab8bfc88dd23dee5cec2d0d0babe6d8d0,24
Passenger/20180905a-19/211808.wav,Passenger,32000,5120000,1,160.0,20480058,a5cda9b2b1bd00803ea1579f15d3c113fadec03d4ada295b791b545429fd6117,53
Passenger/20180905b-182/061547.wav,Passenger,32000,7520000,1,235.0,30080058,1cd402cbcb652bbeddf1f3e62879a1d7783c74f1ebfadcdc91d76500ceed513f,78
Passenger/20180905c-183/212331.wav,Passenger,32000,12608000,1,394.0,50432058,5be6dea181c3bc0e2a32b261b6692a02b751e668f27510cd2130daa3afd01a26,131
Passenger/20180912-25/034620.wav,Passenger,32000,3776000,1,118.0,15104058,21d62f3f18b09086e33e807e069cc7dd99faab73c8fcc538e9737e4ea7960705,39
Passenger/20180913-184/181821.wav,Passenger,32000,1920000,1,60.0,7680058,80f5c6b9648b7322bf84935cb9a1c22777eb1a619e7bf987d7359ea6a6613a29,20
Passenger/20180914-185/182348.wav,Passenger,32000,13152000,1,411.0,52608058,f349d4561505685377883f18ecbcca479ffd9db5038a7204f382d3e69975bba9,137
Passenger/20180915-78/062231.wav,Passenger,32000,768000,1,24.0,3072058,a2276555f975bc3e3c5c58959a1369a9913f6a2922b2d1ba26aeaee4eecdba9c,8
Passenger/20180917-81/035007.wav,Passenger,32000,256000,1,8.0,1024058,40a0914dc3fe073ccf3f0179561a98e908c9c2c15b85d9988b47987eb7e4715c,2
Passenger/20180921-186/111213.wav,Passenger,32000,11584000,1,362.0,46336058,3b684fb08052e13ede84fe487b765024e0e4fe689f884d88ad638e2595222422,120
Passenger/20180922-187/124737.wav,Passenger,32000,1280000,1,40.0,5120058,b454126a8e42809b1d034a4928e449e626dc931006a55c74e58c2eb1144b10f3,13
Passenger/20180923-188/012316.wav,Passenger,32000,1408000,1,44.0,5632058,198373df6316836de0886046c075b62d9536c52a5a0614ff2290843ad613b02f,14
Passenger/20180925-189/012450.wav,Passenger,32000,352000,1,11.0,1408058,d6b41662eacaf2da2c96f38945ba0835aa80b628cbda5670f1b83c0baa5fb59f,3
Passenger/20180926-190/011928.wav,Passenger,32000,1024000,1,32.0,4096058,20a245ec66a32de3b37573fdc4f38e880bfbbc05a8e37a8799b5a4ffd1f68114,10
Passenger/20180926a-191/012514.wav,Passenger,32000,192000,1,6.0,768058,6277d815613b03529209319200e179dfd50d22a51a4f8d79328f3f1ce91d4377,2
Passenger/20180929-192/012612.wav,Passenger,32000,256000,1,8.0,1024058,49ccd60edabadc3f6ff446a44eb14c45b6c3a75fd02b2c5130c5f5833892feee,2
Passenger/20181003-193/012519.wav,Passenger,32000,4992000,1,156.0,19968058,7fdb68fcba19eb992703a0d6a569a2c9f8dcef0fe31e1fba22353cace88dfce5,52
Tank/20160509-1/123109.wav,Tank,32000,8896000,1,278.0,35584058,fc8b84c4a90ae2ba660e45d52fe4544edfa33c02d021b8723e81764fe6c3374c,92
Tank/20160511-2/2.wav,Tank,32000,4800000,1,150.0,19200058,e50c98b4abeeab67298287d207804434d67dd824fd688dee227f5cb5144b8e15,50
Tank/20160515-3/020119.wav,Tank,32000,12256000,1,383.0,49024058,cff75ea38d69325d4c8952a6f0a0808d6245ad890337aa833efadeed81dac661,127
Tank/20160516-4/134837.wav,Tank,32000,8864000,1,277.0,35456058,8f9ca3e52aaa396bac7878ee25f26a4fef35b5c9dd49677d24ce94b3fe9fd5f0,92
Tank/20160519-5/5.wav,Tank,32000,1504000,1,47.0,6016058,e313d3054a5daeef1e67ec051fdf2262150a9af52b3507c7830cd5e3cc4d206f,15
Tank/20160526-6/6.wav,Tank,32000,5504000,1,172.0,22016058,83763c6f33b3265526c023ae8ae4ca18c7e9f894015de03a042ebcb228e7409a,57
Tank/20160531-7/142749.wav,Tank,32000,16096000,1,503.0,64384058,3c35a1ccb4a49a5c6dd8bf5387446ea7cfc8362b4148197bbbc74dff03cec5b1,167
Tank/20160601-8/8.wav,Tank,32000,1408000,1,44.0,5632058,b5b40069253c5d0c15a628a95c5fc16dccfb5458cf80fd3012f37a2f65f74cea,14
Tank/20160602-9/9.wav,Tank,32000,576000,1,18.0,2304058,2c8dbd4df26a502fdf002808837dfa10244f24277f856a6908861a7954e908ed,6
Tank/20160602a-10/10.wav,Tank,32000,960000,1,30.0,3840058,891f0c4f91b7464580d4e9dba75292d373ccc5a2b1da745fdd8bd85f2e374401,10
Tank/20160604-11/171238.wav,Tank,32000,11872000,1,371.0,47488058,7bd84648579d026cb8c4384638168797970f7c6b7adffdaea806dbd58aa8a80a,123
Tank/20160612-12/12.wav,Tank,32000,1056000,1,33.0,4224058,862ee5da0c03f34bb13d7a2001137a5b088cb05608a42bdcf382cae119d56313,11
Tank/20160613-13/13.wav,Tank,32000,5024000,1,157.0,20096058,8dc08d9c73a88e116f6722712d49a0b857706bfae4e283622ba8fd511098ab13,52
Tank/20160615-14/14.wav,Tank,32000,800000,1,25.0,3200058,91110de1e3f6ad8f7d7fcf0f7c3ec8826ab8b14e69cdd2a9480b2e30556caa22,8
Tank/20160616-15/214515.wav,Tank,32000,12832000,1,401.0,51328058,d30cc8ecffd13fc4bea4652288b475362610e012abd8ad45a4483ece0368cdd4,133
Tank/20160617-16/225229.wav,Tank,32000,16192000,1,506.0,64768058,f6ac30434b044561cf232afdf54c7cbca41d1ab0c6e9f0c8c6a1217d3b3c09da,168
Tank/20160619-17/173821.wav,Tank,32000,11520000,1,360.0,46080058,63b48d4395aa344889f6fe06155d303b64a1b6ececccbd761f3a6f1d632cadcc,120
Tank/20160619a-18/18.wav,Tank,32000,2112000,1,66.0,8448058,d48270cf8a038df9bfb183ef2bce5c3a9cca13849587627d3215a4bdc3120127,22
Tank/20160625-19/19.wav,Tank,32000,448000,1,14.0,1792058,5755457b243e9f4e85fac1baf6cc95a368f790696894c1debbb9bb8e024d0dc1,4
Tank/20160702-20/20.wav,Tank,32000,3328000,1,104.0,13312058,fe3c6fa6482b9e3959c91357067e4d0d04a44db0eb2515b5042cd1f9ad5fdbb2,34
Tank/20160703-21/21.wav,Tank,32000,512000,1,16.0,2048058,0384ad8c2687aa152202fe9e8622a22de84180ac81aca86fd441432cd3b43dac,5
Tank/20160704-22/111311.wav,Tank,32000,12960000,1,405.0,51840058,5d2dff66acbbaaf47d13cd59d9464cf01019bc47b8779efcadac80375855e805,135
Tank/20160710-23/104049.wav,Tank,32000,11840000,1,370.0,47360058,23a487ea1b87239ca0d591f86de40810f2188610677656b6bd72825dd9075668,123
Tank/20160710a-24/24.wav,Tank,32000,672000,1,21.0,2688058,4fae6331f4e19f9c917cd07c9db5315204c1609f71a475e400fd3c43594b6437,7
Tank/20160714-25/111759.wav,Tank,32000,16416000,1,513.0,65664058,7fbd6d10e2ea6a74f35aa1e14733c4fa341378fcda1f9f2a6e4a20e1cd0bc1d3,171
Tank/20160714a-26/141202.wav,Tank,32000,11136000,1,348.0,44544058,c95f110e7478bcdac8ebf97fa4d499f201677af44291b84aee9aa226b3dc821e,116
Tank/20160724-27/025459.wav,Tank,32000,11328000,1,354.0,45312058,ba8405131328cf16ec7795007144d717bd9504078d4de37ab57bd39225df179e,118
Tank/20160808-28/203415.wav,Tank,32000,12480000,1,390.0,49920058,c38f7cf5b1e7d39241e2ce4d4897f2316534276f026a3795032da1d1d2ab0a3a,130
Tank/20160810-29/29.wav,Tank,32000,3488000,1,109.0,13952058,c7d369c1bc89c5da6a881365fd1ddaee612e26a3c72510449e62849941111906,36
Tank/20160810a-30/30.wav,Tank,32000,1056000,1,33.0,4224058,f14846b5db5eb53fb71dfdd8524095ea42d13b3f1442d7233e7087fe0c7a08ae,11
Tank/20160823-31/041452.wav,Tank,32000,9792000,1,306.0,39168058,378e1708ad83722fbdce4fc42c1174179889a2d898230e9bf0469cb9e4e28a5d,102
Tank/20160829-32/32.wav,Tank,32000,1216000,1,38.0,4864058,f18abe607c7f41012f7e956073c51033031ad8e71aac9cc09c52c0ef65c7ff41,12
Tank/20160831-33/33.wav,Tank,32000,512000,1,16.0,2048058,1f8a66a3e9dc2b7e87c740f7d3277094f9ad1352718b37cb30e960d2894b0cb7,5
Tank/20160904-34/005747.wav,Tank,32000,8256000,1,258.0,33024058,7d67660977b6a1472319c5b02b8bbe2adacefdbaa3c2efa5ee850e1e03af25e8,86
Tank/20160906-35/35.wav,Tank,32000,512000,1,16.0,2048058,a7f161d245a5aa4214144c828ea7cea470615c18d7ee44155dc43c1152303f71,5
Tank/20160907-36/094356.wav,Tank,32000,14880000,1,465.0,59520058,a1002066074bf000567fdcb2bf58d3b33797561dc89dce5041832ba4e594d0dc,155
Tank/20160910-37/190037.wav,Tank,32000,7616000,1,238.0,30464058,46b3e2279f16def70202921c792d8c72aac002e45e2fb31bbf06ceac8b66e13b,79
Tank/20160924-38/38.wav,Tank,32000,5568000,1,174.0,22272058,55a99e711964804cdb257a35353c2966e8d576dc8fc148d20da6440174336f18,58
Tank/20160927-39/39.wav,Tank,32000,4128000,1,129.0,16512058,98634f991cfb2b155a7cb54573df1c4250259e64fe3717568263082ecddeee01,43
Tank/20161002-40/130331.wav,Tank,32000,7680000,1,240.0,30720058,3dade78759d0f9a47a8c59cbc27f72a91e7da9b0397df095ffe1aba24ee22536,80
Tank/20161005-41/41.wav,Tank,32000,1408000,1,44.0,5632058,c59b8770e334bb61614587e3950ba8ffe591adca4ca9217adbcfb4597fd73de4,14
Tank/20161009-42/42.wav,Tank,32000,2240000,1,70.0,8960058,0d7a11d5db313e19f941a3959f22612c57814473b6dcaea175faaeb7717ec657,23
Tank/20161021-43/43.wav,Tank,32000,896000,1,28.0,3584058,618b57ffa158d43286c936e1832b7f41dffb243045e3c641b22ddf3a256b7417,9
Tank/20161022-44/030503.wav,Tank,32000,6656000,1,208.0,26624058,11bff9791e90fa0a3f2ed38889c07a308d6c761d98ce49aa8a8b5969dacfc620,69
Tank/20161024-45/061514.wav,Tank,32000,7872000,1,246.0,31488058,81597afb228399f010b6a16fa56a5d442b1b29e3015e84eb120e875a0ecfc25a,82
Tank/20161027-46/145435.wav,Tank,32000,11072000,1,346.0,44288058,76a967cc024df6ded2e904211c584645032c31a513ea777baff4238e81b526d0,115
Tank/20161030-47/47.wav,Tank,32000,672000,1,21.0,2688058,98c9c9884cf004f5bb52edb25bbeb5ba601bab5f3ea9153c88ee2d03443dd42e,7
Tank/20161101-48/48.wav,Tank,32000,1184000,1,37.0,4736058,b3c1d9acf14be83dcf7322371bd8f12421e472af3a4dccc1fc0f7676ef37e5a6,12
Tank/20161101a-49/49.wav,Tank,32000,1216000,1,38.0,4864058,05e6511f882a6b41bc2a29f005d7ed8870a8dc0284ab3979f2e5a2637922ed5a,12
Tank/20161106-50/50.wav,Tank,32000,320000,1,10.0,1280058,24e00e1e46c690e9db6270015bad504006c0cdd006dd66361ca3492702f9c0f2,3
Tank/20161107-51/170102.wav,Tank,32000,5120000,1,160.0,20480058,6d69df86d7993d45c8d22b18a8ebf1fc0a1e3f01beec94717114cc6fc31021f3,53
Tank/20161110-52/005212.wav,Tank,32000,1344000,1,42.0,5376058,1c0e2d7696b6812b6fc68fb9c690203b550c91259885d759e1b90dbed389e5cc,14
Tank/20161113-237/174452.wav,Tank,32000,9248000,1,289.0,36992058,e1546efdcf833ac6e233b3694d7dd6b35354227a1b2494b58dc797a631a2229c,96
Tank/20161113a-53/212239.wav,Tank,32000,1088000,1,34.0,4352058,884c4c36dd63c64f1ee90bb7e055856ef78cf5a5edc88c8f9f3bc6b9b37e867d,11
Tank/20161121-54/094048.wav,Tank,32000,1984000,1,62.0,7936058,9dc51aace128056bdc5af6d4616fcea756b541fb995c1849d88c015b67108757,20
Tank/20161123-55/171423.wav,Tank,32000,2176000,1,68.0,8704058,47beb4c11d72a78ebc94022c0250d6885a4f80ad4b3f0e17c5785b8568d0be87,22
Tank/20161124-56/095256.wav,Tank,32000,2720000,1,85.0,10880058,24ef2a7380fe00c3e29858e4528c0443677275b9aff5b75a64d0a5fc0b4fba55,28
Tank/20161125-57/202025.wav,Tank,32000,320000,1,10.0,1280058,2694c1cf182eb6c6c946d4723e6b3f8ec700a2a0a30c45b48bc7034ba49b32af,3
Tank/20161128-58/005608.wav,Tank,32000,14144000,1,442.0,56576058,6190ebdd5fb16b8a0815d6906c782ce137ea69e2ee53ddf411654cf208b8af6c,147
Tank/20161206-59/221722.wav,Tank,32000,1920000,1,60.0,7680058,61591ca1645d2d87f048c704c6cc2de7c6e72f2c95f4b4302b3e384bd938e8f2,20
Tank/20161207-60/090131.wav,Tank,32000,864000,1,27.0,3456058,052f87a58f574d03b1e41ec63de1cf6bbe33e5335a7a9a960ab52176b496031f,9
Tank/20161208-61/135535.wav,Tank,32000,864000,1,27.0,3456058,ae1909cf56b0ece66691059b8d85997b22ddca9b59e27c22773dea84e3ae48c4,9
Tank/20161208a-62/200744.wav,Tank,32000,928000,1,29.0,3712058,8e5cee9749f790a5c368d5abe96656a789ad7e97f5ac3599519556e853d992d4,9
Tank/20161211-63/204245.wav,Tank,32000,11616000,1,363.0,46464058,078d8d6e48854e0dc1a5214ffab9db841f0e0a9e7c480e5ae16dc10f43ac9ff4,121
Tank/20161215-64/025503.wav,Tank,32000,448000,1,14.0,1792058,629021e3c04bc15913bee577ec19b4061620d7923f3d3d89a15047866dda9018,4
Tank/20161218-65/134000.wav,Tank,32000,15776000,1,493.0,63104058,89acf92ef3359f55c649b20c15f4487fe3c4e3eac813509cc6e1ea336e24cb5f,164
Tank/20161226-66/123224.wav,Tank,32000,224000,1,7.0,896058,b9ce08094a432906837aa1cbbe51eb59dc33a91871aa9f66285967ed4cd3e7d8,2
Tank/20161227-67/034311.wav,Tank,32000,768000,1,24.0,3072058,e09c8200a85099a8c40cdafeb6e6619ccd0fcfee376a5cd033a0edf3e8123759,8
Tank/20170102-68/001752.wav,Tank,32000,3872000,1,121.0,15488058,f06a10053e0ce942d0de41073776a748f4a29bde91d8f6575059d7e712e8a816,40
Tank/20170119-69/153739.wav,Tank,32000,1280000,1,40.0,5120058,4fd279198dc4122d54a026d92c43d7e132d1824b55f63e9d8d65116edd502d5e,13
Tank/20170120-70/070941.wav,Tank,32000,11264000,1,352.0,45056058,781d71e1441f233e556633cbe65ffd375fa90c9709f08aa34db5297efa4f37cb,117
Tank/20170121-71/234906.wav,Tank,32000,192000,1,6.0,768058,bba603973ac8a08a3a5cc57f97d8751c35e79606bffac55e3279d3b7b6e6e5e1,2
Tank/20170122-72/031957.wav,Tank,32000,224000,1,7.0,896058,a62ddb03466f2d2e14a9607fc395b68d35b1049248c585aab916c910dcc534f1,2
Tank/20170122a-73/032130.wav,Tank,32000,544000,1,17.0,2176058,2104dc43494ec9760ae2c20c80866b3ec77df21318126b24bb297d0d73b3eebd,5
Tank/20170122b-74/050415.wav,Tank,32000,6880000,1,215.0,27520058,ed59a2c8af02f163d3826cd6cc5460dad251ddb2b7f3c36b8f509e5dafc2d207,71
Tank/20170124-75/085359.wav,Tank,32000,17920000,1,560.0,71680058,34b02c1ee664b84f438b3fa27d31210c6fd6425e44823b7e4771acc773f62f90,186
Tank/20170203-76/002153.wav,Tank,32000,1408000,1,44.0,5632058,3d0c84d154e91c004b724ec64276ff35a68c1c81fb982a7746449b6a2046e462,14
Tank/20170204-77/232817.wav,Tank,32000,18176000,1,568.0,72704058,e52417cf4507bb12e9538feb21cc5eff751c9f04a69862a8f4a14cdf480e3fa2,189
Tank/20170205-78/163939.wav,Tank,32000,1280000,1,40.0,5120058,6d1fd941e2dbd7c7f1d05020f31870988bc36582173427952a80f740cc1690a9,13
Tank/20170206-79/081843.wav,Tank,32000,992000,1,31.0,3968058,b5e3d9367db541d037ba5f14646926d8290c9c9b7a1356a12caf375846ca01f8,10
Tank/20170209-80/040238.wav,Tank,32000,1376000,1,43.0,5504058,516a43f261030256ac0a2efc20462dddcdee0a92209e01eabf7387d62be85563,14
Tank/20170216-81/035911.wav,Tank,32000,16960000,1,530.0,67840058,1863bdb970ea7a3eb6429b0b4e7a1c2fd99feedf419a5247a23e8d4fd16574f1,176
Tank/20170219-82/104435.wav,Tank,32000,9472000,1,296.0,37888058,83823cd59fd6ca6e5d646f5b5263132daf251733f6dd17a2e8b12596fbc4cb5a,98
Tank/20170227-83/235904.wav,Tank,32000,1056000,1,33.0,4224058,6720958d0514492d6891394b768ef83b76cf3429d3dde858353ccc9048e9a62d,11
Tank/20170301-84/230755.wav,Tank,32000,7552000,1,236.0,30208058,b85b6f5db34cefe2a495af2c5b5e1d7a4114cb27db116be710e8ebd00a1fc476,78
Tank/20170309-85/095437.wav,Tank,32000,480000,1,15.0,1920058,2d972626480b479079ba4c33fc15528b63ec1ba2297bd82e9635b16eb1ec2fc2,5
Tank/20170317-86/072019.wav,Tank,32000,9024000,1,282.0,36096058,ab9a671a70bf0aa27d87cc48fc1c3cd9a6c16657e265f30be9de0a657084d924,94
Tank/20170326-87/022836.wav,Tank,32000,1984000,1,62.0,7936058,52d1c536d2de4bda662a0b4319c0bc75395e82326650c329245259ae9043df46,20
Tank/20170326a-88/203852.wav,Tank,32000,704000,1,22.0,2816058,ad88b27b4d09bd9e6c77210861d8c4dd5e7a00f158a5b81efc6926b797c78659,7
Tank/20170326b-89/231111.wav,Tank,32000,7808000,1,244.0,31232058,55ffa415935d576ae821c447fb529f3f0940734d94872441e2e7ff66a3077481,81
Tank/20170327-90/112002.wav,Tank,32000,352000,1,11.0,1408058,7da1465cf4d6dc06df8fd0288dd4ed0fb62fabf32d0bc97ce80ee7bc91b1a6b7,3
Tank/20170327a-91/224310.wav,Tank,32000,1056000,1,33.0,4224058,8c76f629707629b49b592cce5547f3ae9b31e1a97347cd536ac7a4ad161e26b8,11
Tank/20170403-92/044833.wav,Tank,32000,960000,1,30.0,3840058,38dbdcb42227f12edb4689360f6ae64ff0e2b273b138b7ff8e3c554e4792a724,10
Tank/20170403a-93/102955.wav,Tank,32000,5600000,1,175.0,22400058,d7137c8ff94573aea5e9ea4b1e4ccf09f5635b3948b16ba856d29787ee4d29d8,58
Tank/20170404-94/061416.wav,Tank,32000,608000,1,19.0,2432058,248d5510483950233d5998cdbeb146e4eb19a0b814d087bc4f447354cd46345e,6
Tank/20170409-95/031833.wav,Tank,32000,17024000,1,532.0,68096058,d34602a601326fbc5fb82ddcf660cfc1594b238373ec83792936afd5c10dbe17,177
Tank/20170412-96/114857.wav,Tank,32000,512000,1,16.0,2048058,b7bf9914335d651bb37153a8875d0dd90e5550feba034544fb8d0ce7ce0d7f52,5
Tank/20170413-97/112445.wav,Tank,32000,1504000,1,47.0,6016058,0673b572062b9e5e31bd77d57423a05a57f95a7abdb15aeaed0c8ffbdc802417,15
Tank/20170419-98/021347.wav,Tank,32000,10688000,1,334.0,42752058,8723ba11e371c5843d4d95896f27aa348f3b98e745bdb0af471b558de4d9dc34,111
Tank/20170420-99/170815.wav,Tank,32000,2592000,1,81.0,10368058,f9d4da19964bbdcf412ddedcc531de53d5d2ba57d2c053d0604521e0d93bddf0,27
Tank/20170421-100/010738.wav,Tank,32000,11840000,1,370.0,47360058,1011a01d8ec5adc5794f13ff0d73c6a1f8437f45ac1331fb07eca89ee4fb5f5b,123
Tank/20170421a-101/064626.wav,Tank,32000,6240000,1,195.0,24960058,6fba297d6a997e07b6c870dba7ebfee9defee2c0c184c1e0aab4f22c846a5588,65
Tank/20170425-102/231243.wav,Tank,32000,16288000,1,509.0,65152058,03b15445bd7b2e451ae5ead3a8e6e0eace46095ebf93a77d551ffe636e2646d4,169
Tank/20170507-103/213103.wav,Tank,32000,4160000,1,130.0,16640058,1f52093f13c875b55da0499618c75f9c42f37430db27a335e33d4eeef1461317,43
Tank/20170509-104/105420.wav,Tank,32000,16576000,1,518.0,66304058,bdd3ddfb84347f3f76064a1780fdf535b022935319df1b79a8962386292de20a,172
Tank/20170510-105/041848.wav,Tank,32000,10496000,1,328.0,41984058,3f2b6ebbfbb3df4af9095f0093d960b952e550d440b7188d31594fd4de8ca5aa,109
Tank/20170511-106/050253.wav,Tank,32000,7040000,1,220.0,28160058,9406d345332aed67c3382503395862b78e88c5202d236f3ea960104ba605dadf,73
Tank/20170512-107/081819.wav,Tank,32000,4480000,1,140.0,17920058,df276aa6381930ecc54cc474e6a853e224b10ab18564d91b25803fc3064cb6b0,46
Tank/20170516-108/201729.wav,Tank,32000,768000,1,24.0,3072058,e93ea91fa9052679c67d6a4b0c6e6adc0c0dcd1114821d49ec2744436ceea430,8
Tank/20170525-109/111532.wav,Tank,32000,544000,1,17.0,2176058,bdd98ba79d5aa2cfe11989f3149edbd0c77ffabed475001a7a279230842d2b23,5
Tank/20170529-110/124845.wav,Tank,32000,14144000,1,442.0,56576058,dd2ea524daeda0f36d438c00173cc2366967f0d9bca6803d44cc3a5fa7c3bf1f,147
Tank/20170530-111/004426.wav,Tank,32000,1312000,1,41.0,5248058,82c8e1e3c93264bf423f89ace2dfa39edb5f99d81cc5d8f7615dde1831911e8d,13
Tank/20170605-112/143212.wav,Tank,32000,13504000,1,422.0,54016058,72aaeb1ff6ab57fa2077f9815b0bf4ca3736937f0dbc129f6a3f28fd24002953,140
Tank/20170608-113/234244.wav,Tank,32000,1344000,1,42.0,5376058,0d99a0fbd3363b12fa7028356bc876c4b3ead207282f904a5efa037b7471a647,14
Tank/20170612-114/013848.wav,Tank,32000,192000,1,6.0,768058,c71c172ed3a3a52fd042ec132ee76e194cd70214df4a76e8eda74ccd655fddcc,2
Tank/20170614-115/021303.wav,Tank,32000,13824000,1,432.0,55296058,819b1700768ba7c2c6f98225f546acbeee5fb64f581b5cf6bd350525152671d2,144
Tank/20170621-116/221235.wav,Tank,32000,832000,1,26.0,3328058,c138012860669f8bc965be2579292b814571d0382fb5583d7adaa24e4cbdb940,8
Tank/20170623-117/232502.wav,Tank,32000,2848000,1,89.0,11392058,535ebecb6c8e7a75a3be483265a2da6a866ae55b0995bb6cda85811c92c0a637,29
Tank/20170625-118/180527.wav,Tank,32000,2912000,1,91.0,11648058,ab708ed408638ebeb44c23705d4b99ab3febfd01169225e947cbea2061c40cd1,30
Tank/20170627-119/111336.wav,Tank,32000,16608000,1,519.0,66432058,f746dc1b52ac68681b3c7e04dbccac0f79a7600223596fd2b85cd8416c1fa0b3,173
Tank/20170629-120/215813.wav,Tank,32000,10944000,1,342.0,43776058,d18452923deb11c8d02208d886f56b9aa0ea8e1f751cef46e5cd3c39b27b7bcf,114
Tank/20170630-121/210742.wav,Tank,32000,640000,1,20.0,2560058,1828155cfd9c2ab7f686367e598d1c0dafc6716039a0d9dced180f91d14d6825,6
Tank/20170704-122/145807.wav,Tank,32000,10880000,1,340.0,43520058,2aec11f4edf5ac21fa13a4456a376d3b29640e0ce657ed8321c21d5f61a0ca4e,113
Tank/20170705-123/030515.wav,Tank,32000,11520000,1,360.0,46080058,be01cbb5a22346c35051a123148330b0a50bef0542fec13fbe550d1063498d40,120
Tank/20170711-124/000454.wav,Tank,32000,256000,1,8.0,1024058,496881d64fcb2b0e09719bbc90c10c7a77df6385a5c7fe576124835614dce6db,2
Tank/20170711a-239/191933.wav,Tank,32000,17856000,1,558.0,71424058,f78443baee340d855ff99b1b2bc37a1e66a5f04d12319e64fe68e8678a5c57e4,186
Tank/20170712-125/013547.wav,Tank,32000,16384000,1,512.0,65536058,f49d53a303b45d7128009851026d7f45af192bf053976c68b9ed90bc722e1e7a,170
Tank/20170712a-126/015656.wav,Tank,32000,1568000,1,49.0,6272058,acb35fc5afcb4500aef5ffce83853baaa8d06a019c931112f4db739cce1faca0,16
Tank/20170720-127/064114.wav,Tank,32000,480000,1,15.0,1920058,08997c57a468fdfcf95d03f48060b673d97cd206c5a78f60ab1715107f6c8ea9,5
Tank/20170723-238/052014.wav,Tank,32000,2528000,1,79.0,10112058,4071856f1cb252d51a798c483692b3313f29cba3f31a31a676d88fb73857f518,26
Tank/20170723a-128/192900.wav,Tank,32000,10144000,1,317.0,40576058,731ab3f575393cd0e5ca09c34a86248da8aaeb4276bdf0e1bd5c6a849c7f8550,105
Tank/20170728-129/202445.wav,Tank,32000,6528000,1,204.0,26112058,6a8224fae4ec60d9fbd3f2697df5108b071de6c634b615ef07539268806ba230,68
Tank/20170802-130/135021.wav,Tank,32000,1824000,1,57.0,7296058,8a77a09109a063723b1559134ccce86ac0e1de847ba1acd16d2468dea286d7ce,19
Tank/20170815-131/215556.wav,Tank,32000,224000,1,7.0,896058,823c8c035b73ca7191ac0a8235d06d18ce71fa0b60dc2a9630c14763425fd758,2
Tank/20170818-132/060518.wav,Tank,32000,2016000,1,63.0,8064058,55c38cffa74fb6e168b00f91a7d13a5473ba8b17821a2f0b4fc654dad5e254b6,21
Tank/20170822-133/172736.wav,Tank,32000,13312000,1,416.0,53248058,adec8bb30fda1bc133b8698d6853bfb1a21338262dc0e6b4f4c3c9bdeab769fc,138
Tank/20170824-134/194518.wav,Tank,32000,640000,1,20.0,2560058,9b65ff1de4998c1eb5735309fa6e34d18e5c28a04d20e56a4aca4a2ec9ac8a87,6
Tank/20170826-135/005931.wav,Tank,32000,2208000,1,69.0,8832058,d601c94a21cb7b163275b060ab5b7947b4a4ec57290302c206eeab4f709d6e49,23
Tank/20170828-136/215454.wav,Tank,32000,13120000,1,410.0,52480058,54fd78e53c95df66e017a0e11f864b845883b340af8bbb9ef9cf5553fc741944,136
Tank/20170901-137/205515.wav,Tank,32000,11264000,1,352.0,45056058,1f8df92d10851efa1350198a79e06c467cccd6b31763ccf0741b6d4cac0f9b57,117
Tank/20170909-138/191109.wav,Tank,32000,8320000,1,260.0,33280058,377868a3d5a773d47332c752be529c599b4e9bf9e1a4ee87b2bc7122146e06b6,86
Tank/20170920-139/232910.wav,Tank,32000,4800000,1,150.0,19200058,76a0fbddab9f195b624818e45d21059f12370167e5248e298eff4b7c0d4131af,50
Tank/20170923-140/064301.wav,Tank,32000,1504000,1,47.0,6016058,a7e50a7b3b691ae3b3d054536da9d5cf14f0f6ee16b10ba9e052e42c96ae7d75,15
Tank/20171008-141/053342.wav,Tank,32000,2784000,1,87.0,11136058,eb851ae855a769381886c8f3c8b0617c4ea09e248ffa4f7fdec805ad408f0ec6,29
Tank/20171013-142/115050.wav,Tank,32000,12640000,1,395.0,50560058,0ae6f1e01a4eab5c260ddc4df7fe2e6b3085890c954723bb41db764651cd4447,131
Tank/20171014-143/115751.wav,Tank,32000,1280000,1,40.0,5120058,8d505c06e63b0b15da59e19ba81ed7db3782a84b27692f73c0152788a7d65f56,13
Tank/20171015-144/090640.wav,Tank,32000,2176000,1,68.0,8704058,8d772c0725fd38cb737c69b3fd58027df16da1925dda57e646b8c17da53c274b,22
Tank/20171023-145/214849.wav,Tank,32000,1536000,1,48.0,6144058,0352638944b554508623789a0dc6b648854d7d2cdc18141b09d7909eea021a5f,16
Tank/20171024-146/085126.wav,Tank,32000,576000,1,18.0,2304058,5f937bb1438e023bb192713d44570aa6639725a2461136d10e53cb9a193378ab,6
Tank/20171029-147/012439.wav,Tank,32000,864000,1,27.0,3456058,0031d09f403acad021b0be2553873fd719a2061bb81aad6d132d88ea2a2434cf,9
Tank/20171031-148/074400.wav,Tank,32000,256000,1,8.0,1024058,244d46836046b7ee709dca60e1dd6d6cdd77839522b4e929ecc8452d4cf8c244,2
Tank/20171108-149/011449.wav,Tank,32000,16736000,1,523.0,66944058,673bbf097fee22a26688c71df86c729e2e50b4113156ab89decac9da0df9a1f8,174
Tank/20171110-150/231243.wav,Tank,32000,11808000,1,369.0,47232058,0c7fe6c16d39518e7c0e8b0ebc8c40f76180bc4edf93b5f8fbcf829ef8cf3a89,123
Tank/20171121-151/180451.wav,Tank,32000,512000,1,16.0,2048058,4c949609f6970e238de7199a7a0c4053fe3e7e6f59be93785638c960f593f9b7,5
Tank/20171126-152/025605.wav,Tank,32000,13440000,1,420.0,53760058,fb9c4d55f4a41cd8c0a9cf6ac67f6949ef49913dc8b6d3bafde9b646a44543e1,140
Tank/20171126a-153/090000.wav,Tank,32000,640000,1,20.0,2560058,96e1b3998dd62e374f66c65ef1e0d253075c95c9d393a52dd1c7bc04de7351d9,6
Tank/20171127-154/162141.wav,Tank,32000,352000,1,11.0,1408058,4099d2d280689aa1dee89944d7e5e8d1437fd44fe126f9471469ee29b3559471,3
Tank/20171128-155/013710.wav,Tank,32000,800000,1,25.0,3200058,4fa0fc6de525f70506f57a6f4e7f92e7df663ba9d5c23ecfe4ce27ac2e1a9c75,8
Tank/20171204-156/222708.wav,Tank,32000,3232000,1,101.0,12928058,6908a6721f37218653deeee0adceae41684f7c9c674595831c078f1778af4fac,33
Tank/20171207-157/150539.wav,Tank,32000,11840000,1,370.0,47360058,aa2e541feb1cc4cbc8ca27315983edaaa9517598ec8f670f3ffcbf317c5d50b3,123
Tank/20171208-158/193936.wav,Tank,32000,13088000,1,409.0,52352058,c311ca95a59edd176c25256f5cc97eba50d7fc42f4e20c6468fb45759267e768,136
Tank/20171216-159/160715.wav,Tank,32000,10144000,1,317.0,40576058,0241731e237d2d48a9525b1f4cd2c7914e707bcb17d4ad057f533c4b5bf59267,105
Tank/20171220-240/222041.wav,Tank,32000,224000,1,7.0,896058,cfc59aaad7e36727986e1ee73719c40471dd6499e8620dd1bcf7747e939f488f,2
Tank/20171222-160/141803.wav,Tank,32000,2688000,1,84.0,10752058,70b3976c7c0155e452ce358b474bec529ce65fdf0574c2f22711f3863479bd54,28
Tank/20171222a-161/152008.wav,Tank,32000,928000,1,29.0,3712058,a9e343e2a9647a952af40eebbd22c41bcc85b54a418eee276b0c226ae3d381be,9
Tank/20171223-162/150450.wav,Tank,32000,15936000,1,498.0,63744058,a78ccb3677d7c4bf73487a6518d76dede347d4d1054fc01d5bfb6383dac98cb4,166
Tank/20171230-163/032310.wav,Tank,32000,192000,1,6.0,768058,ee713d17ca335307bb76f63d96f03f705cbca5b086e06d6b8ba333fe52cc1bae,2
Tank/20171230a-164/195035.wav,Tank,32000,8800000,1,275.0,35200058,7270635852805ce21c29a282e29d3ee64a1d2c591517b4dc3c60cca82e979747,91
Tank/20171230b-165/032319.wav,Tank,32000,224000,1,7.0,896058,b530610181d64f391170fec9ceecdfb07caf96db1e9353df68f8769173d49118,2
Tank/20180117-166/054518.wav,Tank,32000,960000,1,30.0,3840058,0f9de79e5a90b91ee4e1d049472c3812c3cb59bb239370ae3bcb5919491e9e63,10
Tank/20180119-167/055815.wav,Tank,32000,768000,1,24.0,3072058,ed4507dd96522bfe94a8829a145bc7c6587eb1923c4eaea99b03c1228a30dcb5,8
Tank/20180119a-168/055857.wav,Tank,32000,192000,1,6.0,768058,f4d39eba3d5d51aa455ae5d3cfedf81f71c8bbd744b8cc93dc6cb103da1e52cc,2
Tank/20180120-169/125003.wav,Tank,32000,17728000,1,554.0,70912058,911475894221d27676841cf91d7ec87b257cdd47b4ddf94137d67b7d8c4dfed2,184
Tank/20180120a-170/211000.wav,Tank,32000,416000,1,13.0,1664058,a233bd458e27600672b5d202afffe8866c770d2d204460d37bb48974c3808986,4
Tank/20180121-171/222956.wav,Tank,32000,11296000,1,353.0,45184058,f7eafd0211fce1ed2a2effb66de28e319f25f730700e6f912edbaadefb1ea563,117
Tank/20180129-172/025531.wav,Tank,32000,11904000,1,372.0,47616058,9b8658bba0e56c146d37ae22463cd904585d69827420f980267573a70324ed0f,124
Tank/20180130-173/054907.wav,Tank,32000,1568000,1,49.0,6272058,32a3a54c95d325d102a209fbdcb30919f84a8ff2796c713b3a52d54908614e09,16
Tank/20180203-174/232020.wav,Tank,32000,5408000,1,169.0,21632058,773f6de0c7fa031c84f8ce4dbeb532fb04566a12105ce62b154bf0469e6787c1,56
Tank/20180206-175/104114.wav,Tank,32000,2848000,1,89.0,11392058,5d5ed8189d418e4dfcdb09558a76ccbb801623c0a47d0b93f119c3358bf94595,29
Tank/20180206a-176/131726.wav,Tank,32000,4192000,1,131.0,16768058,92bf3cbface4d1b08bc19209bbe977fdfae5444d492b73c9e39db5b30311db5d,43
Tank/20180208-177/234708.wav,Tank,32000,768000,1,24.0,3072058,101c5327832c6130c83f7b2d63c5205963cb16b03e6d3f0456f1e43f40ae3796,8
Tank/20180211-178/180933.wav,Tank,32000,15456000,1,483.0,61824058,2ae1e22a24f0f34df487715e75836895187e6ebcefa827babd3a716eaa419892,161
Tank/20180221-179/020619.wav,Tank,32000,12288000,1,384.0,49152058,03ea0fb45273d182b8755860adf636a3c536be078d708f70fc07e8d380f28659,128
Tank/20180226-180/033811.wav,Tank,32000,7520000,1,235.0,30080058,72c9bdfd985a4e2469620eae7429db27f0e34d60642dad4510aee58190ef7d6a,78
Tank/20180303-181/060850.wav,Tank,32000,10112000,1,316.0,40448058,f72ff316a85a54b3e774a5503003a9bb6279c5b33574100df9d5d5c4cd62121b,105
Tank/20180311-182/212409.wav,Tank,32000,9856000,1,308.0,39424058,b9079f8a02dff2fbdad0527df24d347d2cfdd48085efcfc2ed24428ae943230b,102
Tank/20180314-183/155725.wav,Tank,32000,7712000,1,241.0,30848058,0be7aa49ac2ebfee744a6a8c9bd9dbd0449558ede13cf60c67a3932320043b96,80
Tank/20180314a-184/171300.wav,Tank,32000,2208000,1,69.0,8832058,59d3ac07f130365deafc32ad73f20e5fc138a315e1c9de0cef86a46e16fe91b3,23
Tank/20180316-185/163653.wav,Tank,32000,640000,1,20.0,2560058,f5b135978380ab233ca60a354a645afc6fe5fc320254a5456f7d5610c3c52985,6
Tank/20180316a-186/174010.wav,Tank,32000,5024000,1,157.0,20096058,d3a98b5604aa5fb6d94cbdac3c1cc75fd9654d89add9a1c48e2097fc34619177,52
Tank/20180402-187/060415.wav,Tank,32000,11200000,1,350.0,44800058,275cadd1d509cc6dfabbe147ba28a663d0484cac4e6a34f6e806e1e5d95f8f63,116
Tank/20180405-188/025825.wav,Tank,32000,2368000,1,74.0,9472058,f2c791e917b152dc950a7097d182f641f8da37a78782b438fc09369e57e5d781,24
Tank/20180411-189/081047.wav,Tank,32000,320000,1,10.0,1280058,d52c98dd172dbed34490f19b8bdc70adf5e7db6c253fd560b0d0274e5814801c,3
Tank/20180411a-190/193519.wav,Tank,32000,8032000,1,251.0,32128058,e1ab6608d8e8ffbe0e5868d2ea30de7da2f3711522192c8bcd2123a58ab1250f,83
Tank/20180413-191/212814.wav,Tank,32000,320000,1,10.0,1280058,1608a36b5cd5615bee3df1cf73056787eca7a56aaa5f49d4c60e9ce8faae1c18,3
Tank/20180417-192/005456.wav,Tank,32000,9376000,1,293.0,37504058,c1b365704372e30f242b8a8a9f59573c3bcd6fc8832238f54a5980cfad96578c,97
Tank/20180418-193/004704.wav,Tank,32000,14144000,1,442.0,56576058,e7a56080d5e5296ae0b9485fc4717456fcab055f1c176bd2d4e202e7f3588214,147
Tank/20180421-194/025328.wav,Tank,32000,22336000,1,698.0,89344058,113a19f62292833fe6b01b7815d2b56e01a476dd4404f6b4d9712bc4a5a5492c,232
Tank/20180422-195/171202.wav,Tank,32000,672000,1,21.0,2688058,669589d91e9f4a69df205671458a2898bed3b423eff4a306507026d7e7dbb30c,7
Tank/20180422a-196/171529.wav,Tank,32000,960000,1,30.0,3840058,a5afda0506b8ad36f53d5c73ad9ed9b25ae9456fb035cca145d1f1e44e71fc99,10
Tank/20180422b-197/171240.wav,Tank,32000,224000,1,7.0,896058,20db842878bec31a70f944557a0f169d25afd4afd3fa72428bcb04c908a94c55,2
Tank/20180423-198/063301.wav,Tank,32000,1056000,1,33.0,4224058,efb6eab4bdb191a1d2441c215477d553a2177630007b219df3cef32e2241a9e9,11
Tank/20180425-199/083048.wav,Tank,32000,21088000,1,659.0,84352058,00167acb1ce5d7d4ddadeff9dc9c9bb8149539ea4604f14071d5d917e7cccff4,219
Tank/20180430-200/033225.wav,Tank,32000,8128000,1,254.0,32512058,d4ef9a8ddf95510d733f0071e53d1258591665f085bccb3aae9bf78793b3138e,84
Tank/20180506-201/014248.wav,Tank,32000,11840000,1,370.0,47360058,ac6665b25a4ac8413151f4fee8e00c38b0e4ff11e62c2b95cfeec51f28f23a92,123
Tank/20180507-202/212341.wav,Tank,32000,17344000,1,542.0,69376058,a346bc14f90892a8494c2bee0a2883d9c41581bd1eddbc9baa3a0d194ebde7e8,180
Tank/20180508-203/232237.wav,Tank,32000,832000,1,26.0,3328058,5e4c5dfc6ce19fc800e2e0d3973f5151f420615c8a7bcd18991f8ff199136cf8,8
Tank/20180509-204/124919.wav,Tank,32000,1568000,1,49.0,6272058,de8f2f7f9c79e4af02be7b83b8c43a25c3646cce0f0ade060af59eba725f5136,16
Tank/20180510-205/062026.wav,Tank,32000,10112000,1,316.0,40448058,d74fa88a2c79ac88b389fe9ae10dd9586d8ba8f5ce8899a851a67173be57af0f,105
Tank/20180515-206/031557.wav,Tank,32000,7648000,1,239.0,30592058,2e1212798e11ff810bd8c5aa726a6437b4f3cb28e920359f84134bd7f667051b,79
Tank/20180515a-207/224627.wav,Tank,32000,2080000,1,65.0,8320058,9e986983dd3fc47400a04e6e5e7ec2ccb1cb8f08b2571f59cc9aec7c79319304,21
Tank/20180519-208/103407.wav,Tank,32000,5792000,1,181.0,23168058,aa5f39aeee9af0326099d1ef60d336b6649594b41e3c197a28ed79f88449a09a,60
Tank/20180520-209/130618.wav,Tank,32000,640000,1,20.0,2560058,7fa591bd94206a2af0892031b66734572843fca7495840922f149d8e866dc6a9,6
Tank/20180523-210/171217.wav,Tank,32000,1568000,1,49.0,6272058,4672d8c181c3da8cb7d84fcf18ff9ef360fdafb33b72272323298c2c08e57575,16
Tank/20180529-211/093622.wav,Tank,32000,4992000,1,156.0,19968058,e462cd9fe7a604060e180cb557dde624947952d26f51cc30e6de8eb10f47e1ec,52
Tank/20180602-212/172529.wav,Tank,32000,11840000,1,370.0,47360058,48a6733d1b8fe641dca4ba1f08c87181d216fafd3f1afda219051e21609425a6,123
Tank/20180604-213/122139.wav,Tank,32000,4480000,1,140.0,17920058,6caad451423e26d8fd16aa70bb527bcda4a405f18c7498abd7f517ddc7e79bcf,46
Tank/20180607-214/124208.wav,Tank,32000,448000,1,14.0,1792058,2da4242fd1cecc6c089db6abaafae35ef0c16d482f5410eb08b573e9941c6971,4
Tank/20180610-215/135143.wav,Tank,32000,9856000,1,308.0,39424058,7e974afdebe7bf68f134759d384d98183d23562867b759eb3e16e12bb4654059,102
Tank/20180612-216/032309.wav,Tank,32000,11232000,1,351.0,44928058,06215db32b6d315a4df32d2d44954fa9ae1cefe742c1fd8f3871d2fb2277f645,117
Tank/20180612a-217/230757.wav,Tank,32000,11232000,1,351.0,44928058,77988ee42ec1c098cc9c984220fc1f00e2ccbc41cc06f99dacb79d76a5df6e00,117
Tank/20180616-218/225427.wav,Tank,32000,1600000,1,50.0,6400058,d47d1362b096ec99a07211631b5ebb1150c368e3205ca2739b06675a400f4d04,16
Tank/20180618-219/031247.wav,Tank,32000,1184000,1,37.0,4736058,7d074a23ad105b48844b3b24dfe1c2448938ddcf9a6aac722cab39665ee20719,12
Tank/20180629-220/001835.wav,Tank,32000,11712000,1,366.0,46848058,ff5efa95ca0583fb02830a22e28b77566087e21077df8ce80183ac33d06e41a0,122
Tank/20180630-221/173807.wav,Tank,32000,960000,1,30.0,3840058,1d1f7bf214c7f646b1cd84e6f7337a03d37bddc48d734538d771263066cff817,10
Tank/20180702-222/172918.wav,Tank,32000,16512000,1,516.0,66048058,8f9f4bcfe44df30776c5f80e9ac454bc2b9785ebb4293f88bf02b3797d828870,172
Tank/20180703-223/143323.wav,Tank,32000,14720000,1,460.0,58880058,84a6e6adc8d0b6fa53f6634d94c6e091a07c016ec30f37b5800ae6690c243a59,153
Tank/20180705-224/144030.wav,Tank,32000,11232000,1,351.0,44928058,de3a3a6da452ea3429efefa9e70b2d3bbfb0f4a93e3b117af4594a2884cc0bec,117
Tank/20180710-225/065625.wav,Tank,32000,1440000,1,45.0,5760058,7e6d38b6e0f6b4a8f61032313a6c3ce58a071373ef3aaefdca0cbd324eeb4f97,15
Tank/20180710a-226/070051.wav,Tank,32000,512000,1,16.0,2048058,62dd0be40eb28415fac1d16f2243b70e88e10da25b40505abbf7fe14d4ec1f87,5
Tank/20180725-227/013354.wav,Tank,32000,16064000,1,502.0,64256058,56c4597b782621944c86a6be0c6ecde7fa57f6a1b14bf909fb0f6cfe6e675ee0,167
Tank/20180725a-228/222512.wav,Tank,32000,11232000,1,351.0,44928058,4514c31810855c9cf958c33bdd2f83ad296b1a9bfa5ed7e4ebc7815483a0c0fb,117
Tank/20180725b-229/233127.wav,Tank,32000,2176000,1,68.0,8704058,a8c18648d593dd1484f01793948b7ff808cc50b2e0a68645cb10a8d6b12c6063,22
Tank/20180821-230/005202.wav,Tank,32000,11200000,1,350.0,44800058,709e366fbc8d7c39a6890e5caf0dbc8242b3d8c2af7beff3818bacfa6fe7015d,116
Tank/20180822-231/142019.wav,Tank,32000,12736000,1,398.0,50944058,2a9d5af1c4b117dff044e2a5d97d085010c22830586d341e733a2c041345159c,132
Tank/20180826-232/010604.wav,Tank,32000,832000,1,26.0,3328058,a32ff7c062258cc327021548520be0bcdcae2cf4d5077d703ba47f0373218c4f,8
Tank/20180904-233/183908.wav,Tank,32000,608000,1,19.0,2432058,108fa61917b7369683de99ff3ccbbd3d7aa81fc363e560d8a2e176b3345a618f,6
Tank/20180914-234/024440.wav,Tank,32000,640000,1,20.0,2560058,789093ef1ec6164bd8474dcc53362123455aa992c01de63fa2b325c2a98040e8,6
Tank/20180915-235/150156.wav,Tank,32000,3136000,1,98.0,12544058,b5572b22cc8f736e4b6ba93521189fdf04d0229b1ec7e4ff3c0fb9698a5e6fd0,32
Tank/20180927-236/173410.wav,Tank,32000,736000,1,23.0,2944058,c02fce018a6f9ea5691801fabf68212d0e8614ceb1d8b22f78ce94895999bb47,7
Tug/20171104-1/200959.wav,Tug,32000,20352000,1,636.0,81408058,f23b77876f1f44709a18915f4e1ce19a305b1db8292c1396813e123d1b453bd6,212
Tug/20171105-2/052000.wav,Tug,32000,36704000,1,1147.0,146816058,75b433e236ac61c70382d20549269847c7d15cc37f7320fa0faf7b930a6e9e95,382
Tug/20171105b-3/231504.wav,Tug,32000,20992000,1,656.0,83968058,4e081eb76ec9359ef4c39b912bd617b7dc7570ce3ee53b7a66c89fdb36ceccef,218
Tug/20171106-4/144640.wav,Tug,32000,33024000,1,1032.0,132096058,a88ae0c4101795d65b01c2cabf7932face0ae83504a9bc32b10c2c3b0caf82b3,344
Tug/20171106a-5/162112.wav,Tug,32000,20032000,1,626.0,80128058,dfea50987dd12fed3f5223cf8b958828c328b222012d318c44f5b89704c64db4,208
Tug/20171107a-6/095309.wav,Tug,32000,12384000,1,387.0,49536058,8185d28ba4256f3f9c4bb68362b075c1c524450bbe09180cb9eb64337b58d87f,129
Tug/20171111-7/025236.wav,Tug,32000,12448000,1,389.0,49792058,d16133e5e0531dd497b79b13a32c029d286acd583fb6e5639d512ebe6b62b543,129
Tug/20171114-8/072235.wav,Tug,32000,19264000,1,602.0,77056058,8bf01ffc588164c95189e7928987bcd7f1d268d831497e17084f1f8bf4b44a16,200
Tug/20171115-9/9.wav,Tug,32000,6496000,1,203.0,25984058,a2adde208a9c2756b7dc7e17f8838c800dc4d30cd5f5969bef3b79a06419c2d0,67
Tug/20171116-10/065145.wav,Tug,32000,17088000,1,534.0,68352058,42a448ca2ff7a44793ce3e14b1aeed22d83523e46c545b48ad0190069735c54e,178
Tug/20171116a-11/221717.wav,Tug,32000,23872000,1,746.0,95488058,fe7a45d764f057326ef6579a2605d96c3bbc0afd9200c0366eaa66422d3aca20,248
Tug/20171118-12/082934.wav,Tug,32000,29792000,1,931.0,119168058,7069ab40af8916e393dc6bb85962bb35ae3d4c6febdcd176aafd8977d308029a,310
Tug/20171118a-13/141340.wav,Tug,32000,20896000,1,653.0,83584058,ed1ba66b0567f494b78ef6c50f1c8d5a5fc9cb3c5cdd03b04ccbae8781f07959,217
Tug/20171118b-14/161506.wav,Tug,32000,26016000,1,813.0,104064058,36059a740ec5b097c16fcb46db3472501694ee907ddba8cb4feba57e94990992,271
Tug/20171118c-15/185844.wav,Tug,32000,12800000,1,400.0,51200058,ce4f564a0bdeba2dd857128fbf7f85d77d847ca36923ec873f1b22e94a6eff99,133
Tug/20171118d-16/234607.wav,Tug,32000,28448000,1,889.0,113792058,eeccfd765e5f63b5e677b327d2943a217240f85157da687b5913937dde8bb71a,296
Tug/20171120-17/034014.wav,Tug,32000,23360000,1,730.0,93440058,798fc33b4776084684211aed7c8b9382aa839cd7b922ac8396905fe444658c6a,243
Tug/20171120a-18/054508.wav,Tug,32000,12480000,1,390.0,49920058,9a9dbf1a6b717328be2d8b4328393ce8982a77012613f5b5f7ab2778897f7b77,130
Tug/20171121-19/101117.wav,Tug,32000,33632000,1,1051.0,134528058,b960d5cee47c283121e498b9c8922bb8e3fa003313f7694a36e2609dfe510baf,350
Tug/20171122a-20/124609.wav,Tug,32000,22976000,1,718.0,91904058,54a9002f7421aeaca518ee7d4dab42f86e00736201bd3758ffaed79d94eeaebe,239
Tug/20171123-21/035104.wav,Tug,32000,38368000,1,1199.0,153472058,7fa493ff054b5a8ca5e647354ff7289ecdc573085c260be1e5731bb70d936da0,399
Tug/20171124-22/012051.wav,Tug,32000,20160000,1,630.0,80640058,fb2c1ce34e4f59c54f81a9c55ce5c6b7f2b0a87760d78f7e36854d0ae1cc027c,210
Tug/20171127-23/065148.wav,Tug,32000,9280000,1,290.0,37120058,bb40ac13f3788b2c5ba0d57a8ed8673700da06ba558ad658b511a37167709f89,96
Tug/20171127a-24/105442.wav,Tug,32000,56000000,1,1750.0,224000058,5fb651508f08964020c8548621154bf60c7a058ae8bd60d56e58d5b466d868c2,583
Tug/20171128-25/052238.wav,Tug,32000,29472000,1,921.0,117888058,9c8010c7940992f2830e1545a0733c1304f77889e9bfc33283e39fbd01162a06,307
Tug/20171128a-26/103033.wav,Tug,32000,15904000,1,497.0,63616058,b9772343ec64a0e20669dcb906e84f3264ba2ca57ebfce993b9df9d2bbbb501f,165
Tug/20171128b-27/120847.wav,Tug,32000,16512000,1,516.0,66048058,1ea772f27b43e4b287ad83c9864b37d8f1829e541942d1295987ccca5639a940,172
Tug/20171128c-28/190038.wav,Tug,32000,10560000,1,330.0,42240058,e3efe383ae66c0691aedd7693f68d5fd59f6908f22bd221e68f9d603e7307e5f,110
Tug/20171128d-29/193239.wav,Tug,32000,7456000,1,233.0,29824058,fcadd37c61c19e87735c2badb82853c7aa5d163c266a324c0f2afbba6067f70f,77
Tug/20171129-30/011700.wav,Tug,32000,18432000,1,576.0,73728058,b2dd052e1c063b74a825bb455f2224ef484ad15351f063e275a9fd1d6ce93977,192
Tug/20171130a-31/211648.wav,Tug,32000,10688000,1,334.0,42752058,7ef40c848100198dd3517b043e538edd7759b4144338ed285b35096fcd62adb5,111
Tug/20171201-32/024235.wav,Tug,32000,16256000,1,508.0,65024058,85f42b343c52987935fbfc4193b8fedb55a3cd9c18d90fad006c530c569a6c8e,169
Tug/20171201b-33/082249.wav,Tug,32000,19584000,1,612.0,78336058,ab1281c1ed16a8877fb80c8020fec668b4b7e7055831a813eeaf6fd9a961e1a5,204
Tug/20171201c-34/123228.wav,Tug,32000,16992000,1,531.0,67968058,31781239f8708a258ed6db188935142f787ee15666318c801a41bf7322210eed,177
Tug/20171201d-35/125826.wav,Tug,32000,20928000,1,654.0,83712058,cbf239adc2f34789c4d298cfb556af5b552e927cc3648bd9eae6efd77dc615e5,218
Tug/20171201e-36/190230.wav,Tug,32000,21184000,1,662.0,84736058,8f9f5722b0b87711fb950cd9573134a0a391b240156aefe29b97ee0434b67f1c,220
Tug/20171202-37/071515.wav,Tug,32000,11424000,1,357.0,45696058,ea3e3eb17695f955f75faf85ed9b68b27497a31206bb094dfc0c9e4c2e73cd96,119
Tug/20171202a-38/145149.wav,Tug,32000,24736000,1,773.0,98944058,5eaefd5971635462bb83927cdb34e2baff5343d4cf5a6a6b19e17c3697fe90cc,257
Tug/20171203-39/032822.wav,Tug,32000,23136000,1,723.0,92544058,7288eb545b586066ef5751174f93865c5354e8dbb718787c7a09d8bbdfd08257,241
Tug/20171203a-40/40.wav,Tug,32000,6400000,1,200.0,25600058,e0452e30f70aaf8e9e0f39321d646c1f2c777ff80c970ae9fe0f28bdd5e86469,66
Tug/20171203c-41/194116.wav,Tug,32000,19648000,1,614.0,78592058,cc3bda9cd01418f795894596e2245be4cb457bc1b0d4038b8d31b7a5a6dfa0e8,204
Tug/20171204-42/034437.wav,Tug,32000,9920000,1,310.0,39680058,6779a80dbe802ce61862fa1ae0d24dcd9dee8b3583594759eccc52e467021559,103
Tug/20171204a-43/081356.wav,Tug,32000,24640000,1,770.0,98560058,26f83f9ff6ff55329739b17f5856614bca555ac3c9434ea9f4a9c0738913fa48,256
Tug/20171205-44/145246.wav,Tug,32000,12800000,1,400.0,51200058,05c61e049378ba63778709060cefa23302ac5757d5f9527616e517593ad55f2f,133
Tug/20171207-45/004027.wav,Tug,32000,10432000,1,326.0,41728058,ba5688bcba495c050f30f3d5a3dfb297004e8c10a605165333aee81a722f7606,108
Tug/20171207a-46/052942.wav,Tug,32000,11200000,1,350.0,44800058,30db3137aa84b58d21a06a288018b4a8b53b037e275a26d41d3790973adf8ab9,116
Tug/20171207b-47/114556.wav,Tug,32000,23648000,1,739.0,94592058,4ec2e3498ab83af743a31dd2c4cd4fd95cfe41b9b569ba4c7d6a83f86ea22b38,246
Tug/20171209-48/041322.wav,Tug,32000,18336000,1,573.0,73344058,3faebd92376f3a8797329f335049c875fa1f165ea1b0473affc8cb32f280f414,191
Tug/20171210-49/49.wav,Tug,32000,6080000,1,190.0,24320058,a934e2a771e3d7ced7ee155497b29368739085c3dea7e1c596157c07101c059f,63
Tug/20171212a-50/094549.wav,Tug,32000,11136000,1,348.0,44544058,840ccbb2d00486e523be4db14ac3620b2f195656ddf9e13ee978ca628e5a2e45,116
Tug/20171213-51/065742.wav,Tug,32000,27552000,1,861.0,110208058,8189c1eff4735980358bbcc6e356e6f5cba73fd62c061fea63e00076b48ec11d,287
Tug/20171213a-52/071716.wav,Tug,32000,27520000,1,860.0,110080058,671b227cb4359490f8d85b69701c4fe7e91c0a862984b877aa6e9443c2bbd8fe,286
Tug/20171214a-53/184639.wav,Tug,32000,8416000,1,263.0,33664058,a85d5f1b8abdd8f7a020668f7556462b526379dabf45002eba72b2be5905f289,87
Tug/20171215-54/005343.wav,Tug,32000,21568000,1,674.0,86272058,bdbb63a363dfbeec500df63be40def944a7fda6086f009cc2d9b7d801334fdb4,224
Tug/20171215a-55/103412.wav,Tug,32000,10752000,1,336.0,43008058,07992ae187d95595fe437d56b697c9012865e51a6df840963904865bdb598381,112
Tug/20171215e-56/170639.wav,Tug,32000,8416000,1,263.0,33664058,b6fe2cfa82345624481c5494322eef587c060cbadad1dd983ed91f8d533ca0b2,87
Tug/20171217-58/020446.wav,Tug,32000,18048000,1,564.0,72192058,ee096d5d11ccc78b866f89940ae829ef7c3380021690ff9336c870259654eb74,188
Tug/20171217a-59/050224.wav,Tug,32000,19584000,1,612.0,78336058,7e1dbba4a518cd1c5e97bca319e7f976aed902b95b12645c1dec8a2e77ceedf4,204
Tug/20171219a-60/210546.wav,Tug,32000,25152000,1,786.0,100608058,b8aa25700f8ed4b73d18bef4face7881f5bb1b3393b2b04df82bc389845f49a9,262
Tug/20171221-61/114923.wav,Tug,32000,7680000,1,240.0,30720058,384e1b46319a079660a2bc41626bb848d96da6cfcc2449d90077e2f747137c04,80
Tug/20171221a-62/144544.wav,Tug,32000,14720000,1,460.0,58880058,78b07d0df3349ff83bacff4383ea439b45f6b5b62e144a638612134130cd0bbb,153
Tug/20171223b-63/233721.wav,Tug,32000,8544000,1,267.0,34176058,9a63298621f788274161a94887b2c8e659a94be207b4644ef36ad60d5c1f51e7,89
Tug/20171225-64/015934.wav,Tug,32000,18144000,1,567.0,72576058,33473f6a61b5872877048bacff597d0af495f6675bebe37971bd114999fdf238,189
Tug/20171226-65/043830.wav,Tug,32000,13344000,1,417.0,53376058,ba1bab35d233c79274a9ca2cabe3f16d018f7a486c113eb7852699161cccd8a6,139
Tug/20171227a-66/110853.wav,Tug,32000,20608000,1,644.0,82432058,d00c6e45d66ddafcfcd538e24963295438a487d8dc9b58de18bdba62c4681df9,214
Tug/20171229a-67/195709.wav,Tug,32000,11840000,1,370.0,47360058,988c319b0ec8ba8e4c7bd3533bfc8c667c8a51c169908d7c4c8f80ac0fa98c1b,123
Tug/20171229b-68/200347.wav,Tug,32000,16128000,1,504.0,64512058,0b05352a5ab4da6dbdcd57ea7c598091a0d8eefe5bcddd4e15ca0d9347e7cc4b,168
Tug/20171230a-69/163503.wav,Tug,32000,27712000,1,866.0,110848058,6de739cbc4dbed043c0fd8f159c3f51ca7042a061df678d6fcc48090c51d6d84,288
Tug/20171231a-70/215301.wav,Tug,32000,17472000,1,546.0,69888058,13afaf5ce108ee3369eb4c288b1da950ede6827818d7c1e9706cafec0a860ee0,182
